ISO-10303-21;
HEADER;
FILE_DESCRIPTION(('FreeCAD Model'),'2;1');
FILE_NAME('Open CASCADE Shape Model','2026-09-23T15:54:56',('FreeCAD'),(
    'FreeCAD'),'Open CASCADE STEP processor 7.8','FreeCAD','Unknown');
FILE_SCHEMA(('AUTOMOTIVE_DESIGN { 1 0 10303 214 1 1 1 1 }'));
ENDSEC;
DATA;
#1 = APPLICATION_PROTOCOL_DEFINITION('international standard',
  'automotive_design',2000,#2);
#2 = APPLICATION_CONTEXT(
  'core data for automotive mechanical design processes');
#3 = SHAPE_DEFINITION_REPRESENTATION(#4,#10);
#4 = PRODUCT_DEFINITION_SHAPE('','',#5);
#5 = PRODUCT_DEFINITION('design','',#6,#9);
#6 = PRODUCT_DEFINITION_FORMATION('','',#7);
#7 = PRODUCT('Open CASCADE STEP translator 7.8 2',
  'Open CASCADE STEP translator 7.8 2','',(#8));
#8 = PRODUCT_CONTEXT('',#2,'mechanical');
#9 = PRODUCT_DEFINITION_CONTEXT('part definition',#2,'design');
#10 = ADVANCED_BREP_SHAPE_REPRESENTATION('',(#11,#15),#3463);
#11 = AXIS2_PLACEMENT_3D('',#12,#13,#14);
#12 = CARTESIAN_POINT('',(0.,0.,0.));
#13 = DIRECTION('',(0.,0.,1.));
#14 = DIRECTION('',(1.,0.,-0.));
#15 = MANIFOLD_SOLID_BREP('',#16);
#16 = CLOSED_SHELL('',(#17,#57,#90,#123,#376,#559,#576,#593,#610,#627,
    #639,#656,#673,#690,#707,#724,#741,#758,#775,#792,#824,#848,#872,
    #897,#922,#946,#970,#988,#1005,#1022,#1039,#1125,#1157,#1181,#1206,
    #1230,#1255,#1279,#1304,#1321,#1407,#1439,#1471,#1503,#1535,#1552,
    #1569,#1586,#1603,#2063,#2094,#2118,#2142,#2159,#2171,#2202,#2226,
    #2250,#2267,#2279,#2310,#2334,#2358,#2375,#2387,#2418,#2442,#2466,
    #2483,#2495,#2526,#2550,#2574,#2591,#2603,#2634,#2658,#2682,#2699,
    #2711,#2742,#2766,#2790,#2807,#2819,#2850,#2874,#2898,#2915,#2927,
    #2958,#2983,#3007,#3031,#3049,#3061,#3092,#3117,#3141,#3165,#3183,
    #3195,#3226,#3251,#3275,#3299,#3317,#3329,#3360,#3385,#3409,#3433,
    #3451));
#17 = ADVANCED_FACE('',(#18),#52,.F.);
#18 = FACE_BOUND('',#19,.F.);
#19 = EDGE_LOOP('',(#20,#30,#38,#46));
#20 = ORIENTED_EDGE('',*,*,#21,.T.);
#21 = EDGE_CURVE('',#22,#24,#26,.T.);
#22 = VERTEX_POINT('',#23);
#23 = CARTESIAN_POINT('',(8.,0.,94.));
#24 = VERTEX_POINT('',#25);
#25 = CARTESIAN_POINT('',(8.,0.,99.));
#26 = LINE('',#27,#28);
#27 = CARTESIAN_POINT('',(8.,0.,94.));
#28 = VECTOR('',#29,1.);
#29 = DIRECTION('',(0.,0.,1.));
#30 = ORIENTED_EDGE('',*,*,#31,.T.);
#31 = EDGE_CURVE('',#24,#32,#34,.T.);
#32 = VERTEX_POINT('',#33);
#33 = CARTESIAN_POINT('',(268.,0.,99.));
#34 = LINE('',#35,#36);
#35 = CARTESIAN_POINT('',(8.,0.,99.));
#36 = VECTOR('',#37,1.);
#37 = DIRECTION('',(1.,0.,0.));
#38 = ORIENTED_EDGE('',*,*,#39,.F.);
#39 = EDGE_CURVE('',#40,#32,#42,.T.);
#40 = VERTEX_POINT('',#41);
#41 = CARTESIAN_POINT('',(268.,0.,94.));
#42 = LINE('',#43,#44);
#43 = CARTESIAN_POINT('',(268.,0.,94.));
#44 = VECTOR('',#45,1.);
#45 = DIRECTION('',(0.,0.,1.));
#46 = ORIENTED_EDGE('',*,*,#47,.F.);
#47 = EDGE_CURVE('',#22,#40,#48,.T.);
#48 = LINE('',#49,#50);
#49 = CARTESIAN_POINT('',(8.,0.,94.));
#50 = VECTOR('',#51,1.);
#51 = DIRECTION('',(1.,0.,0.));
#52 = PLANE('',#53);
#53 = AXIS2_PLACEMENT_3D('',#54,#55,#56);
#54 = CARTESIAN_POINT('',(8.,0.,94.));
#55 = DIRECTION('',(0.,1.,0.));
#56 = DIRECTION('',(1.,0.,0.));
#57 = ADVANCED_FACE('',(#58),#85,.T.);
#58 = FACE_BOUND('',#59,.F.);
#59 = EDGE_LOOP('',(#60,#70,#77,#78));
#60 = ORIENTED_EDGE('',*,*,#61,.T.);
#61 = EDGE_CURVE('',#62,#64,#66,.T.);
#62 = VERTEX_POINT('',#63);
#63 = CARTESIAN_POINT('',(0.,8.,94.));
#64 = VERTEX_POINT('',#65);
#65 = CARTESIAN_POINT('',(0.,8.,99.));
#66 = LINE('',#67,#68);
#67 = CARTESIAN_POINT('',(0.,8.,94.));
#68 = VECTOR('',#69,1.);
#69 = DIRECTION('',(0.,0.,1.));
#70 = ORIENTED_EDGE('',*,*,#71,.T.);
#71 = EDGE_CURVE('',#64,#24,#72,.T.);
#72 = CIRCLE('',#73,8.);
#73 = AXIS2_PLACEMENT_3D('',#74,#75,#76);
#74 = CARTESIAN_POINT('',(8.,8.,99.));
#75 = DIRECTION('',(0.,0.,1.));
#76 = DIRECTION('',(1.,0.,-0.));
#77 = ORIENTED_EDGE('',*,*,#21,.F.);
#78 = ORIENTED_EDGE('',*,*,#79,.F.);
#79 = EDGE_CURVE('',#62,#22,#80,.T.);
#80 = CIRCLE('',#81,8.);
#81 = AXIS2_PLACEMENT_3D('',#82,#83,#84);
#82 = CARTESIAN_POINT('',(8.,8.,94.));
#83 = DIRECTION('',(0.,0.,1.));
#84 = DIRECTION('',(1.,0.,-0.));
#85 = CYLINDRICAL_SURFACE('',#86,8.);
#86 = AXIS2_PLACEMENT_3D('',#87,#88,#89);
#87 = CARTESIAN_POINT('',(8.,8.,94.));
#88 = DIRECTION('',(-0.,-0.,-1.));
#89 = DIRECTION('',(1.,0.,-0.));
#90 = ADVANCED_FACE('',(#91),#118,.T.);
#91 = FACE_BOUND('',#92,.F.);
#92 = EDGE_LOOP('',(#93,#94,#103,#111));
#93 = ORIENTED_EDGE('',*,*,#39,.T.);
#94 = ORIENTED_EDGE('',*,*,#95,.T.);
#95 = EDGE_CURVE('',#32,#96,#98,.T.);
#96 = VERTEX_POINT('',#97);
#97 = CARTESIAN_POINT('',(276.,8.,99.));
#98 = CIRCLE('',#99,8.);
#99 = AXIS2_PLACEMENT_3D('',#100,#101,#102);
#100 = CARTESIAN_POINT('',(268.,8.,99.));
#101 = DIRECTION('',(0.,0.,1.));
#102 = DIRECTION('',(1.,0.,-0.));
#103 = ORIENTED_EDGE('',*,*,#104,.F.);
#104 = EDGE_CURVE('',#105,#96,#107,.T.);
#105 = VERTEX_POINT('',#106);
#106 = CARTESIAN_POINT('',(276.,8.,94.));
#107 = LINE('',#108,#109);
#108 = CARTESIAN_POINT('',(276.,8.,94.));
#109 = VECTOR('',#110,1.);
#110 = DIRECTION('',(0.,0.,1.));
#111 = ORIENTED_EDGE('',*,*,#112,.F.);
#112 = EDGE_CURVE('',#40,#105,#113,.T.);
#113 = CIRCLE('',#114,8.);
#114 = AXIS2_PLACEMENT_3D('',#115,#116,#117);
#115 = CARTESIAN_POINT('',(268.,8.,94.));
#116 = DIRECTION('',(0.,0.,1.));
#117 = DIRECTION('',(1.,0.,-0.));
#118 = CYLINDRICAL_SURFACE('',#119,8.);
#119 = AXIS2_PLACEMENT_3D('',#120,#121,#122);
#120 = CARTESIAN_POINT('',(268.,8.,94.));
#121 = DIRECTION('',(-0.,-0.,-1.));
#122 = DIRECTION('',(1.,0.,-0.));
#123 = ADVANCED_FACE('',(#124,#169,#180,#191,#202,#213,#224,#235,#246,
    #257,#268,#338,#349,#360),#371,.F.);
#124 = FACE_BOUND('',#125,.F.);
#125 = EDGE_LOOP('',(#126,#127,#128,#136,#145,#153,#162,#168));
#126 = ORIENTED_EDGE('',*,*,#47,.T.);
#127 = ORIENTED_EDGE('',*,*,#112,.T.);
#128 = ORIENTED_EDGE('',*,*,#129,.T.);
#129 = EDGE_CURVE('',#105,#130,#132,.T.);
#130 = VERTEX_POINT('',#131);
#131 = CARTESIAN_POINT('',(276.,258.,94.));
#132 = LINE('',#133,#134);
#133 = CARTESIAN_POINT('',(276.,8.,94.));
#134 = VECTOR('',#135,1.);
#135 = DIRECTION('',(0.,1.,0.));
#136 = ORIENTED_EDGE('',*,*,#137,.T.);
#137 = EDGE_CURVE('',#130,#138,#140,.T.);
#138 = VERTEX_POINT('',#139);
#139 = CARTESIAN_POINT('',(268.,266.,94.));
#140 = CIRCLE('',#141,8.);
#141 = AXIS2_PLACEMENT_3D('',#142,#143,#144);
#142 = CARTESIAN_POINT('',(268.,258.,94.));
#143 = DIRECTION('',(0.,0.,1.));
#144 = DIRECTION('',(1.,0.,-0.));
#145 = ORIENTED_EDGE('',*,*,#146,.T.);
#146 = EDGE_CURVE('',#138,#147,#149,.T.);
#147 = VERTEX_POINT('',#148);
#148 = CARTESIAN_POINT('',(8.,266.,94.));
#149 = LINE('',#150,#151);
#150 = CARTESIAN_POINT('',(268.,266.,94.));
#151 = VECTOR('',#152,1.);
#152 = DIRECTION('',(-1.,0.,0.));
#153 = ORIENTED_EDGE('',*,*,#154,.T.);
#154 = EDGE_CURVE('',#147,#155,#157,.T.);
#155 = VERTEX_POINT('',#156);
#156 = CARTESIAN_POINT('',(0.,258.,94.));
#157 = CIRCLE('',#158,8.);
#158 = AXIS2_PLACEMENT_3D('',#159,#160,#161);
#159 = CARTESIAN_POINT('',(8.,258.,94.));
#160 = DIRECTION('',(0.,0.,1.));
#161 = DIRECTION('',(1.,0.,-0.));
#162 = ORIENTED_EDGE('',*,*,#163,.T.);
#163 = EDGE_CURVE('',#155,#62,#164,.T.);
#164 = LINE('',#165,#166);
#165 = CARTESIAN_POINT('',(0.,258.,94.));
#166 = VECTOR('',#167,1.);
#167 = DIRECTION('',(0.,-1.,0.));
#168 = ORIENTED_EDGE('',*,*,#79,.T.);
#169 = FACE_BOUND('',#170,.F.);
#170 = EDGE_LOOP('',(#171));
#171 = ORIENTED_EDGE('',*,*,#172,.F.);
#172 = EDGE_CURVE('',#173,#173,#175,.T.);
#173 = VERTEX_POINT('',#174);
#174 = CARTESIAN_POINT('',(11.25,9.,94.));
#175 = CIRCLE('',#176,2.25);
#176 = AXIS2_PLACEMENT_3D('',#177,#178,#179);
#177 = CARTESIAN_POINT('',(9.,9.,94.));
#178 = DIRECTION('',(0.,0.,1.));
#179 = DIRECTION('',(1.,0.,-0.));
#180 = FACE_BOUND('',#181,.F.);
#181 = EDGE_LOOP('',(#182));
#182 = ORIENTED_EDGE('',*,*,#183,.F.);
#183 = EDGE_CURVE('',#184,#184,#186,.T.);
#184 = VERTEX_POINT('',#185);
#185 = CARTESIAN_POINT('',(94.25,6.,94.));
#186 = CIRCLE('',#187,2.25);
#187 = AXIS2_PLACEMENT_3D('',#188,#189,#190);
#188 = CARTESIAN_POINT('',(92.,6.,94.));
#189 = DIRECTION('',(0.,0.,1.));
#190 = DIRECTION('',(1.,0.,-0.));
#191 = FACE_BOUND('',#192,.F.);
#192 = EDGE_LOOP('',(#193));
#193 = ORIENTED_EDGE('',*,*,#194,.F.);
#194 = EDGE_CURVE('',#195,#195,#197,.T.);
#195 = VERTEX_POINT('',#196);
#196 = CARTESIAN_POINT('',(8.25,88.666666666667,94.));
#197 = CIRCLE('',#198,2.25);
#198 = AXIS2_PLACEMENT_3D('',#199,#200,#201);
#199 = CARTESIAN_POINT('',(6.,88.666666666667,94.));
#200 = DIRECTION('',(0.,0.,1.));
#201 = DIRECTION('',(1.,0.,-0.));
#202 = FACE_BOUND('',#203,.F.);
#203 = EDGE_LOOP('',(#204));
#204 = ORIENTED_EDGE('',*,*,#205,.F.);
#205 = EDGE_CURVE('',#206,#206,#208,.T.);
#206 = VERTEX_POINT('',#207);
#207 = CARTESIAN_POINT('',(186.25,6.,94.));
#208 = CIRCLE('',#209,2.25);
#209 = AXIS2_PLACEMENT_3D('',#210,#211,#212);
#210 = CARTESIAN_POINT('',(184.,6.,94.));
#211 = DIRECTION('',(0.,0.,1.));
#212 = DIRECTION('',(1.,0.,-0.));
#213 = FACE_BOUND('',#214,.F.);
#214 = EDGE_LOOP('',(#215));
#215 = ORIENTED_EDGE('',*,*,#216,.F.);
#216 = EDGE_CURVE('',#217,#217,#219,.T.);
#217 = VERTEX_POINT('',#218);
#218 = CARTESIAN_POINT('',(269.25,9.,94.));
#219 = CIRCLE('',#220,2.25);
#220 = AXIS2_PLACEMENT_3D('',#221,#222,#223);
#221 = CARTESIAN_POINT('',(267.,9.,94.));
#222 = DIRECTION('',(0.,0.,1.));
#223 = DIRECTION('',(1.,0.,-0.));
#224 = FACE_BOUND('',#225,.F.);
#225 = EDGE_LOOP('',(#226));
#226 = ORIENTED_EDGE('',*,*,#227,.F.);
#227 = EDGE_CURVE('',#228,#228,#230,.T.);
#228 = VERTEX_POINT('',#229);
#229 = CARTESIAN_POINT('',(272.25,88.666666666667,94.));
#230 = CIRCLE('',#231,2.25);
#231 = AXIS2_PLACEMENT_3D('',#232,#233,#234);
#232 = CARTESIAN_POINT('',(270.,88.666666666667,94.));
#233 = DIRECTION('',(0.,0.,1.));
#234 = DIRECTION('',(1.,0.,-0.));
#235 = FACE_BOUND('',#236,.F.);
#236 = EDGE_LOOP('',(#237));
#237 = ORIENTED_EDGE('',*,*,#238,.F.);
#238 = EDGE_CURVE('',#239,#239,#241,.T.);
#239 = VERTEX_POINT('',#240);
#240 = CARTESIAN_POINT('',(8.25,177.33333333333,94.));
#241 = CIRCLE('',#242,2.25);
#242 = AXIS2_PLACEMENT_3D('',#243,#244,#245);
#243 = CARTESIAN_POINT('',(6.,177.33333333333,94.));
#244 = DIRECTION('',(0.,0.,1.));
#245 = DIRECTION('',(1.,0.,-0.));
#246 = FACE_BOUND('',#247,.F.);
#247 = EDGE_LOOP('',(#248));
#248 = ORIENTED_EDGE('',*,*,#249,.F.);
#249 = EDGE_CURVE('',#250,#250,#252,.T.);
#250 = VERTEX_POINT('',#251);
#251 = CARTESIAN_POINT('',(11.25,257.,94.));
#252 = CIRCLE('',#253,2.25);
#253 = AXIS2_PLACEMENT_3D('',#254,#255,#256);
#254 = CARTESIAN_POINT('',(9.,257.,94.));
#255 = DIRECTION('',(0.,0.,1.));
#256 = DIRECTION('',(1.,0.,-0.));
#257 = FACE_BOUND('',#258,.F.);
#258 = EDGE_LOOP('',(#259));
#259 = ORIENTED_EDGE('',*,*,#260,.F.);
#260 = EDGE_CURVE('',#261,#261,#263,.T.);
#261 = VERTEX_POINT('',#262);
#262 = CARTESIAN_POINT('',(94.25,260.,94.));
#263 = CIRCLE('',#264,2.25);
#264 = AXIS2_PLACEMENT_3D('',#265,#266,#267);
#265 = CARTESIAN_POINT('',(92.,260.,94.));
#266 = DIRECTION('',(0.,0.,1.));
#267 = DIRECTION('',(1.,0.,-0.));
#268 = FACE_BOUND('',#269,.F.);
#269 = EDGE_LOOP('',(#270,#281,#289,#298,#306,#315,#323,#332));
#270 = ORIENTED_EDGE('',*,*,#271,.T.);
#271 = EDGE_CURVE('',#272,#274,#276,.T.);
#272 = VERTEX_POINT('',#273);
#273 = CARTESIAN_POINT('',(265.15,18.8,94.));
#274 = VERTEX_POINT('',#275);
#275 = CARTESIAN_POINT('',(257.2,10.85,94.));
#276 = CIRCLE('',#277,7.95);
#277 = AXIS2_PLACEMENT_3D('',#278,#279,#280);
#278 = CARTESIAN_POINT('',(257.2,18.8,94.));
#279 = DIRECTION('',(0.,-0.,-1.));
#280 = DIRECTION('',(1.,0.,-0.));
#281 = ORIENTED_EDGE('',*,*,#282,.T.);
#282 = EDGE_CURVE('',#274,#283,#285,.T.);
#283 = VERTEX_POINT('',#284);
#284 = CARTESIAN_POINT('',(18.8,10.85,94.));
#285 = LINE('',#286,#287);
#286 = CARTESIAN_POINT('',(78.4,10.85,94.));
#287 = VECTOR('',#288,1.);
#288 = DIRECTION('',(-1.,0.,0.));
#289 = ORIENTED_EDGE('',*,*,#290,.T.);
#290 = EDGE_CURVE('',#283,#291,#293,.T.);
#291 = VERTEX_POINT('',#292);
#292 = CARTESIAN_POINT('',(10.85,18.8,94.));
#293 = CIRCLE('',#294,7.95);
#294 = AXIS2_PLACEMENT_3D('',#295,#296,#297);
#295 = CARTESIAN_POINT('',(18.8,18.8,94.));
#296 = DIRECTION('',(0.,-0.,-1.));
#297 = DIRECTION('',(1.,0.,-0.));
#298 = ORIENTED_EDGE('',*,*,#299,.T.);
#299 = EDGE_CURVE('',#291,#300,#302,.T.);
#300 = VERTEX_POINT('',#301);
#301 = CARTESIAN_POINT('',(10.85,247.2,94.));
#302 = LINE('',#303,#304);
#303 = CARTESIAN_POINT('',(10.85,190.1,94.));
#304 = VECTOR('',#305,1.);
#305 = DIRECTION('',(-0.,1.,0.));
#306 = ORIENTED_EDGE('',*,*,#307,.T.);
#307 = EDGE_CURVE('',#300,#308,#310,.T.);
#308 = VERTEX_POINT('',#309);
#309 = CARTESIAN_POINT('',(18.8,255.15,94.));
#310 = CIRCLE('',#311,7.95);
#311 = AXIS2_PLACEMENT_3D('',#312,#313,#314);
#312 = CARTESIAN_POINT('',(18.8,247.2,94.));
#313 = DIRECTION('',(0.,-0.,-1.));
#314 = DIRECTION('',(1.,0.,-0.));
#315 = ORIENTED_EDGE('',*,*,#316,.T.);
#316 = EDGE_CURVE('',#308,#317,#319,.T.);
#317 = VERTEX_POINT('',#318);
#318 = CARTESIAN_POINT('',(257.2,255.15,94.));
#319 = LINE('',#320,#321);
#320 = CARTESIAN_POINT('',(197.6,255.15,94.));
#321 = VECTOR('',#322,1.);
#322 = DIRECTION('',(1.,0.,-0.));
#323 = ORIENTED_EDGE('',*,*,#324,.T.);
#324 = EDGE_CURVE('',#317,#325,#327,.T.);
#325 = VERTEX_POINT('',#326);
#326 = CARTESIAN_POINT('',(265.15,247.2,94.));
#327 = CIRCLE('',#328,7.95);
#328 = AXIS2_PLACEMENT_3D('',#329,#330,#331);
#329 = CARTESIAN_POINT('',(257.2,247.2,94.));
#330 = DIRECTION('',(0.,-0.,-1.));
#331 = DIRECTION('',(1.,0.,-0.));
#332 = ORIENTED_EDGE('',*,*,#333,.T.);
#333 = EDGE_CURVE('',#325,#272,#334,.T.);
#334 = LINE('',#335,#336);
#335 = CARTESIAN_POINT('',(265.15,75.9,94.));
#336 = VECTOR('',#337,1.);
#337 = DIRECTION('',(0.,-1.,0.));
#338 = FACE_BOUND('',#339,.F.);
#339 = EDGE_LOOP('',(#340));
#340 = ORIENTED_EDGE('',*,*,#341,.F.);
#341 = EDGE_CURVE('',#342,#342,#344,.T.);
#342 = VERTEX_POINT('',#343);
#343 = CARTESIAN_POINT('',(272.25,177.33333333333,94.));
#344 = CIRCLE('',#345,2.25);
#345 = AXIS2_PLACEMENT_3D('',#346,#347,#348);
#346 = CARTESIAN_POINT('',(270.,177.33333333333,94.));
#347 = DIRECTION('',(0.,0.,1.));
#348 = DIRECTION('',(1.,0.,-0.));
#349 = FACE_BOUND('',#350,.F.);
#350 = EDGE_LOOP('',(#351));
#351 = ORIENTED_EDGE('',*,*,#352,.F.);
#352 = EDGE_CURVE('',#353,#353,#355,.T.);
#353 = VERTEX_POINT('',#354);
#354 = CARTESIAN_POINT('',(186.25,260.,94.));
#355 = CIRCLE('',#356,2.25);
#356 = AXIS2_PLACEMENT_3D('',#357,#358,#359);
#357 = CARTESIAN_POINT('',(184.,260.,94.));
#358 = DIRECTION('',(0.,0.,1.));
#359 = DIRECTION('',(1.,0.,-0.));
#360 = FACE_BOUND('',#361,.F.);
#361 = EDGE_LOOP('',(#362));
#362 = ORIENTED_EDGE('',*,*,#363,.F.);
#363 = EDGE_CURVE('',#364,#364,#366,.T.);
#364 = VERTEX_POINT('',#365);
#365 = CARTESIAN_POINT('',(269.25,257.,94.));
#366 = CIRCLE('',#367,2.25);
#367 = AXIS2_PLACEMENT_3D('',#368,#369,#370);
#368 = CARTESIAN_POINT('',(267.,257.,94.));
#369 = DIRECTION('',(0.,0.,1.));
#370 = DIRECTION('',(1.,0.,-0.));
#371 = PLANE('',#372);
#372 = AXIS2_PLACEMENT_3D('',#373,#374,#375);
#373 = CARTESIAN_POINT('',(138.,133.,94.));
#374 = DIRECTION('',(0.,0.,1.));
#375 = DIRECTION('',(1.,0.,-0.));
#376 = ADVANCED_FACE('',(#377,#422,#433,#444,#455,#466,#477,#488,#499,
    #510,#521,#532,#543),#554,.T.);
#377 = FACE_BOUND('',#378,.T.);
#378 = EDGE_LOOP('',(#379,#380,#381,#389,#398,#406,#415,#421));
#379 = ORIENTED_EDGE('',*,*,#31,.T.);
#380 = ORIENTED_EDGE('',*,*,#95,.T.);
#381 = ORIENTED_EDGE('',*,*,#382,.T.);
#382 = EDGE_CURVE('',#96,#383,#385,.T.);
#383 = VERTEX_POINT('',#384);
#384 = CARTESIAN_POINT('',(276.,258.,99.));
#385 = LINE('',#386,#387);
#386 = CARTESIAN_POINT('',(276.,8.,99.));
#387 = VECTOR('',#388,1.);
#388 = DIRECTION('',(0.,1.,0.));
#389 = ORIENTED_EDGE('',*,*,#390,.T.);
#390 = EDGE_CURVE('',#383,#391,#393,.T.);
#391 = VERTEX_POINT('',#392);
#392 = CARTESIAN_POINT('',(268.,266.,99.));
#393 = CIRCLE('',#394,8.);
#394 = AXIS2_PLACEMENT_3D('',#395,#396,#397);
#395 = CARTESIAN_POINT('',(268.,258.,99.));
#396 = DIRECTION('',(0.,0.,1.));
#397 = DIRECTION('',(1.,0.,-0.));
#398 = ORIENTED_EDGE('',*,*,#399,.T.);
#399 = EDGE_CURVE('',#391,#400,#402,.T.);
#400 = VERTEX_POINT('',#401);
#401 = CARTESIAN_POINT('',(8.,266.,99.));
#402 = LINE('',#403,#404);
#403 = CARTESIAN_POINT('',(268.,266.,99.));
#404 = VECTOR('',#405,1.);
#405 = DIRECTION('',(-1.,0.,0.));
#406 = ORIENTED_EDGE('',*,*,#407,.T.);
#407 = EDGE_CURVE('',#400,#408,#410,.T.);
#408 = VERTEX_POINT('',#409);
#409 = CARTESIAN_POINT('',(0.,258.,99.));
#410 = CIRCLE('',#411,8.);
#411 = AXIS2_PLACEMENT_3D('',#412,#413,#414);
#412 = CARTESIAN_POINT('',(8.,258.,99.));
#413 = DIRECTION('',(0.,0.,1.));
#414 = DIRECTION('',(1.,0.,-0.));
#415 = ORIENTED_EDGE('',*,*,#416,.T.);
#416 = EDGE_CURVE('',#408,#64,#417,.T.);
#417 = LINE('',#418,#419);
#418 = CARTESIAN_POINT('',(0.,258.,99.));
#419 = VECTOR('',#420,1.);
#420 = DIRECTION('',(0.,-1.,0.));
#421 = ORIENTED_EDGE('',*,*,#71,.T.);
#422 = FACE_BOUND('',#423,.T.);
#423 = EDGE_LOOP('',(#424));
#424 = ORIENTED_EDGE('',*,*,#425,.F.);
#425 = EDGE_CURVE('',#426,#426,#428,.T.);
#426 = VERTEX_POINT('',#427);
#427 = CARTESIAN_POINT('',(11.25,9.,99.));
#428 = CIRCLE('',#429,2.25);
#429 = AXIS2_PLACEMENT_3D('',#430,#431,#432);
#430 = CARTESIAN_POINT('',(9.,9.,99.));
#431 = DIRECTION('',(0.,0.,1.));
#432 = DIRECTION('',(1.,0.,-0.));
#433 = FACE_BOUND('',#434,.T.);
#434 = EDGE_LOOP('',(#435));
#435 = ORIENTED_EDGE('',*,*,#436,.F.);
#436 = EDGE_CURVE('',#437,#437,#439,.T.);
#437 = VERTEX_POINT('',#438);
#438 = CARTESIAN_POINT('',(94.25,6.,99.));
#439 = CIRCLE('',#440,2.25);
#440 = AXIS2_PLACEMENT_3D('',#441,#442,#443);
#441 = CARTESIAN_POINT('',(92.,6.,99.));
#442 = DIRECTION('',(0.,0.,1.));
#443 = DIRECTION('',(1.,0.,-0.));
#444 = FACE_BOUND('',#445,.T.);
#445 = EDGE_LOOP('',(#446));
#446 = ORIENTED_EDGE('',*,*,#447,.F.);
#447 = EDGE_CURVE('',#448,#448,#450,.T.);
#448 = VERTEX_POINT('',#449);
#449 = CARTESIAN_POINT('',(8.25,88.666666666667,99.));
#450 = CIRCLE('',#451,2.25);
#451 = AXIS2_PLACEMENT_3D('',#452,#453,#454);
#452 = CARTESIAN_POINT('',(6.,88.666666666667,99.));
#453 = DIRECTION('',(0.,0.,1.));
#454 = DIRECTION('',(1.,0.,-0.));
#455 = FACE_BOUND('',#456,.T.);
#456 = EDGE_LOOP('',(#457));
#457 = ORIENTED_EDGE('',*,*,#458,.F.);
#458 = EDGE_CURVE('',#459,#459,#461,.T.);
#459 = VERTEX_POINT('',#460);
#460 = CARTESIAN_POINT('',(186.25,6.,99.));
#461 = CIRCLE('',#462,2.25);
#462 = AXIS2_PLACEMENT_3D('',#463,#464,#465);
#463 = CARTESIAN_POINT('',(184.,6.,99.));
#464 = DIRECTION('',(0.,0.,1.));
#465 = DIRECTION('',(1.,0.,-0.));
#466 = FACE_BOUND('',#467,.T.);
#467 = EDGE_LOOP('',(#468));
#468 = ORIENTED_EDGE('',*,*,#469,.F.);
#469 = EDGE_CURVE('',#470,#470,#472,.T.);
#470 = VERTEX_POINT('',#471);
#471 = CARTESIAN_POINT('',(269.25,9.,99.));
#472 = CIRCLE('',#473,2.25);
#473 = AXIS2_PLACEMENT_3D('',#474,#475,#476);
#474 = CARTESIAN_POINT('',(267.,9.,99.));
#475 = DIRECTION('',(0.,0.,1.));
#476 = DIRECTION('',(1.,0.,-0.));
#477 = FACE_BOUND('',#478,.T.);
#478 = EDGE_LOOP('',(#479));
#479 = ORIENTED_EDGE('',*,*,#480,.F.);
#480 = EDGE_CURVE('',#481,#481,#483,.T.);
#481 = VERTEX_POINT('',#482);
#482 = CARTESIAN_POINT('',(272.25,88.666666666667,99.));
#483 = CIRCLE('',#484,2.25);
#484 = AXIS2_PLACEMENT_3D('',#485,#486,#487);
#485 = CARTESIAN_POINT('',(270.,88.666666666667,99.));
#486 = DIRECTION('',(0.,0.,1.));
#487 = DIRECTION('',(1.,0.,-0.));
#488 = FACE_BOUND('',#489,.T.);
#489 = EDGE_LOOP('',(#490));
#490 = ORIENTED_EDGE('',*,*,#491,.F.);
#491 = EDGE_CURVE('',#492,#492,#494,.T.);
#492 = VERTEX_POINT('',#493);
#493 = CARTESIAN_POINT('',(8.25,177.33333333333,99.));
#494 = CIRCLE('',#495,2.25);
#495 = AXIS2_PLACEMENT_3D('',#496,#497,#498);
#496 = CARTESIAN_POINT('',(6.,177.33333333333,99.));
#497 = DIRECTION('',(0.,0.,1.));
#498 = DIRECTION('',(1.,0.,-0.));
#499 = FACE_BOUND('',#500,.T.);
#500 = EDGE_LOOP('',(#501));
#501 = ORIENTED_EDGE('',*,*,#502,.F.);
#502 = EDGE_CURVE('',#503,#503,#505,.T.);
#503 = VERTEX_POINT('',#504);
#504 = CARTESIAN_POINT('',(11.25,257.,99.));
#505 = CIRCLE('',#506,2.25);
#506 = AXIS2_PLACEMENT_3D('',#507,#508,#509);
#507 = CARTESIAN_POINT('',(9.,257.,99.));
#508 = DIRECTION('',(0.,0.,1.));
#509 = DIRECTION('',(1.,0.,-0.));
#510 = FACE_BOUND('',#511,.T.);
#511 = EDGE_LOOP('',(#512));
#512 = ORIENTED_EDGE('',*,*,#513,.F.);
#513 = EDGE_CURVE('',#514,#514,#516,.T.);
#514 = VERTEX_POINT('',#515);
#515 = CARTESIAN_POINT('',(94.25,260.,99.));
#516 = CIRCLE('',#517,2.25);
#517 = AXIS2_PLACEMENT_3D('',#518,#519,#520);
#518 = CARTESIAN_POINT('',(92.,260.,99.));
#519 = DIRECTION('',(0.,0.,1.));
#520 = DIRECTION('',(1.,0.,-0.));
#521 = FACE_BOUND('',#522,.T.);
#522 = EDGE_LOOP('',(#523));
#523 = ORIENTED_EDGE('',*,*,#524,.F.);
#524 = EDGE_CURVE('',#525,#525,#527,.T.);
#525 = VERTEX_POINT('',#526);
#526 = CARTESIAN_POINT('',(272.25,177.33333333333,99.));
#527 = CIRCLE('',#528,2.25);
#528 = AXIS2_PLACEMENT_3D('',#529,#530,#531);
#529 = CARTESIAN_POINT('',(270.,177.33333333333,99.));
#530 = DIRECTION('',(0.,0.,1.));
#531 = DIRECTION('',(1.,0.,-0.));
#532 = FACE_BOUND('',#533,.T.);
#533 = EDGE_LOOP('',(#534));
#534 = ORIENTED_EDGE('',*,*,#535,.F.);
#535 = EDGE_CURVE('',#536,#536,#538,.T.);
#536 = VERTEX_POINT('',#537);
#537 = CARTESIAN_POINT('',(186.25,260.,99.));
#538 = CIRCLE('',#539,2.25);
#539 = AXIS2_PLACEMENT_3D('',#540,#541,#542);
#540 = CARTESIAN_POINT('',(184.,260.,99.));
#541 = DIRECTION('',(0.,0.,1.));
#542 = DIRECTION('',(1.,0.,-0.));
#543 = FACE_BOUND('',#544,.T.);
#544 = EDGE_LOOP('',(#545));
#545 = ORIENTED_EDGE('',*,*,#546,.F.);
#546 = EDGE_CURVE('',#547,#547,#549,.T.);
#547 = VERTEX_POINT('',#548);
#548 = CARTESIAN_POINT('',(269.25,257.,99.));
#549 = CIRCLE('',#550,2.25);
#550 = AXIS2_PLACEMENT_3D('',#551,#552,#553);
#551 = CARTESIAN_POINT('',(267.,257.,99.));
#552 = DIRECTION('',(0.,0.,1.));
#553 = DIRECTION('',(1.,0.,-0.));
#554 = PLANE('',#555);
#555 = AXIS2_PLACEMENT_3D('',#556,#557,#558);
#556 = CARTESIAN_POINT('',(138.,133.,99.));
#557 = DIRECTION('',(0.,0.,1.));
#558 = DIRECTION('',(1.,0.,-0.));
#559 = ADVANCED_FACE('',(#560),#571,.F.);
#560 = FACE_BOUND('',#561,.F.);
#561 = EDGE_LOOP('',(#562,#568,#569,#570));
#562 = ORIENTED_EDGE('',*,*,#563,.T.);
#563 = EDGE_CURVE('',#155,#408,#564,.T.);
#564 = LINE('',#565,#566);
#565 = CARTESIAN_POINT('',(0.,258.,94.));
#566 = VECTOR('',#567,1.);
#567 = DIRECTION('',(0.,0.,1.));
#568 = ORIENTED_EDGE('',*,*,#416,.T.);
#569 = ORIENTED_EDGE('',*,*,#61,.F.);
#570 = ORIENTED_EDGE('',*,*,#163,.F.);
#571 = PLANE('',#572);
#572 = AXIS2_PLACEMENT_3D('',#573,#574,#575);
#573 = CARTESIAN_POINT('',(0.,258.,94.));
#574 = DIRECTION('',(1.,0.,-0.));
#575 = DIRECTION('',(0.,-1.,0.));
#576 = ADVANCED_FACE('',(#577),#588,.F.);
#577 = FACE_BOUND('',#578,.F.);
#578 = EDGE_LOOP('',(#579,#580,#581,#587));
#579 = ORIENTED_EDGE('',*,*,#104,.T.);
#580 = ORIENTED_EDGE('',*,*,#382,.T.);
#581 = ORIENTED_EDGE('',*,*,#582,.F.);
#582 = EDGE_CURVE('',#130,#383,#583,.T.);
#583 = LINE('',#584,#585);
#584 = CARTESIAN_POINT('',(276.,258.,94.));
#585 = VECTOR('',#586,1.);
#586 = DIRECTION('',(0.,0.,1.));
#587 = ORIENTED_EDGE('',*,*,#129,.F.);
#588 = PLANE('',#589);
#589 = AXIS2_PLACEMENT_3D('',#590,#591,#592);
#590 = CARTESIAN_POINT('',(276.,8.,94.));
#591 = DIRECTION('',(-1.,0.,0.));
#592 = DIRECTION('',(0.,1.,0.));
#593 = ADVANCED_FACE('',(#594),#605,.T.);
#594 = FACE_BOUND('',#595,.F.);
#595 = EDGE_LOOP('',(#596,#602,#603,#604));
#596 = ORIENTED_EDGE('',*,*,#597,.T.);
#597 = EDGE_CURVE('',#147,#400,#598,.T.);
#598 = LINE('',#599,#600);
#599 = CARTESIAN_POINT('',(8.,266.,94.));
#600 = VECTOR('',#601,1.);
#601 = DIRECTION('',(0.,0.,1.));
#602 = ORIENTED_EDGE('',*,*,#407,.T.);
#603 = ORIENTED_EDGE('',*,*,#563,.F.);
#604 = ORIENTED_EDGE('',*,*,#154,.F.);
#605 = CYLINDRICAL_SURFACE('',#606,8.);
#606 = AXIS2_PLACEMENT_3D('',#607,#608,#609);
#607 = CARTESIAN_POINT('',(8.,258.,94.));
#608 = DIRECTION('',(-0.,-0.,-1.));
#609 = DIRECTION('',(1.,0.,-0.));
#610 = ADVANCED_FACE('',(#611),#622,.T.);
#611 = FACE_BOUND('',#612,.F.);
#612 = EDGE_LOOP('',(#613,#614,#615,#621));
#613 = ORIENTED_EDGE('',*,*,#582,.T.);
#614 = ORIENTED_EDGE('',*,*,#390,.T.);
#615 = ORIENTED_EDGE('',*,*,#616,.F.);
#616 = EDGE_CURVE('',#138,#391,#617,.T.);
#617 = LINE('',#618,#619);
#618 = CARTESIAN_POINT('',(268.,266.,94.));
#619 = VECTOR('',#620,1.);
#620 = DIRECTION('',(0.,0.,1.));
#621 = ORIENTED_EDGE('',*,*,#137,.F.);
#622 = CYLINDRICAL_SURFACE('',#623,8.);
#623 = AXIS2_PLACEMENT_3D('',#624,#625,#626);
#624 = CARTESIAN_POINT('',(268.,258.,94.));
#625 = DIRECTION('',(-0.,-0.,-1.));
#626 = DIRECTION('',(1.,0.,-0.));
#627 = ADVANCED_FACE('',(#628),#634,.F.);
#628 = FACE_BOUND('',#629,.F.);
#629 = EDGE_LOOP('',(#630,#631,#632,#633));
#630 = ORIENTED_EDGE('',*,*,#616,.T.);
#631 = ORIENTED_EDGE('',*,*,#399,.T.);
#632 = ORIENTED_EDGE('',*,*,#597,.F.);
#633 = ORIENTED_EDGE('',*,*,#146,.F.);
#634 = PLANE('',#635);
#635 = AXIS2_PLACEMENT_3D('',#636,#637,#638);
#636 = CARTESIAN_POINT('',(268.,266.,94.));
#637 = DIRECTION('',(0.,-1.,0.));
#638 = DIRECTION('',(-1.,0.,0.));
#639 = ADVANCED_FACE('',(#640),#651,.F.);
#640 = FACE_BOUND('',#641,.F.);
#641 = EDGE_LOOP('',(#642,#643,#649,#650));
#642 = ORIENTED_EDGE('',*,*,#425,.F.);
#643 = ORIENTED_EDGE('',*,*,#644,.F.);
#644 = EDGE_CURVE('',#173,#426,#645,.T.);
#645 = LINE('',#646,#647);
#646 = CARTESIAN_POINT('',(11.25,9.,93.));
#647 = VECTOR('',#648,1.);
#648 = DIRECTION('',(0.,0.,1.));
#649 = ORIENTED_EDGE('',*,*,#172,.T.);
#650 = ORIENTED_EDGE('',*,*,#644,.T.);
#651 = CYLINDRICAL_SURFACE('',#652,2.25);
#652 = AXIS2_PLACEMENT_3D('',#653,#654,#655);
#653 = CARTESIAN_POINT('',(9.,9.,93.));
#654 = DIRECTION('',(0.,0.,1.));
#655 = DIRECTION('',(1.,0.,-0.));
#656 = ADVANCED_FACE('',(#657),#668,.F.);
#657 = FACE_BOUND('',#658,.F.);
#658 = EDGE_LOOP('',(#659,#660,#666,#667));
#659 = ORIENTED_EDGE('',*,*,#436,.F.);
#660 = ORIENTED_EDGE('',*,*,#661,.F.);
#661 = EDGE_CURVE('',#184,#437,#662,.T.);
#662 = LINE('',#663,#664);
#663 = CARTESIAN_POINT('',(94.25,6.,93.));
#664 = VECTOR('',#665,1.);
#665 = DIRECTION('',(0.,0.,1.));
#666 = ORIENTED_EDGE('',*,*,#183,.T.);
#667 = ORIENTED_EDGE('',*,*,#661,.T.);
#668 = CYLINDRICAL_SURFACE('',#669,2.25);
#669 = AXIS2_PLACEMENT_3D('',#670,#671,#672);
#670 = CARTESIAN_POINT('',(92.,6.,93.));
#671 = DIRECTION('',(0.,0.,1.));
#672 = DIRECTION('',(1.,0.,-0.));
#673 = ADVANCED_FACE('',(#674),#685,.F.);
#674 = FACE_BOUND('',#675,.F.);
#675 = EDGE_LOOP('',(#676,#677,#683,#684));
#676 = ORIENTED_EDGE('',*,*,#447,.F.);
#677 = ORIENTED_EDGE('',*,*,#678,.F.);
#678 = EDGE_CURVE('',#195,#448,#679,.T.);
#679 = LINE('',#680,#681);
#680 = CARTESIAN_POINT('',(8.25,88.666666666667,93.));
#681 = VECTOR('',#682,1.);
#682 = DIRECTION('',(0.,0.,1.));
#683 = ORIENTED_EDGE('',*,*,#194,.T.);
#684 = ORIENTED_EDGE('',*,*,#678,.T.);
#685 = CYLINDRICAL_SURFACE('',#686,2.25);
#686 = AXIS2_PLACEMENT_3D('',#687,#688,#689);
#687 = CARTESIAN_POINT('',(6.,88.666666666667,93.));
#688 = DIRECTION('',(0.,0.,1.));
#689 = DIRECTION('',(1.,0.,-0.));
#690 = ADVANCED_FACE('',(#691),#702,.F.);
#691 = FACE_BOUND('',#692,.F.);
#692 = EDGE_LOOP('',(#693,#694,#700,#701));
#693 = ORIENTED_EDGE('',*,*,#458,.F.);
#694 = ORIENTED_EDGE('',*,*,#695,.F.);
#695 = EDGE_CURVE('',#206,#459,#696,.T.);
#696 = LINE('',#697,#698);
#697 = CARTESIAN_POINT('',(186.25,6.,93.));
#698 = VECTOR('',#699,1.);
#699 = DIRECTION('',(0.,0.,1.));
#700 = ORIENTED_EDGE('',*,*,#205,.T.);
#701 = ORIENTED_EDGE('',*,*,#695,.T.);
#702 = CYLINDRICAL_SURFACE('',#703,2.25);
#703 = AXIS2_PLACEMENT_3D('',#704,#705,#706);
#704 = CARTESIAN_POINT('',(184.,6.,93.));
#705 = DIRECTION('',(0.,0.,1.));
#706 = DIRECTION('',(1.,0.,-0.));
#707 = ADVANCED_FACE('',(#708),#719,.F.);
#708 = FACE_BOUND('',#709,.F.);
#709 = EDGE_LOOP('',(#710,#711,#717,#718));
#710 = ORIENTED_EDGE('',*,*,#469,.F.);
#711 = ORIENTED_EDGE('',*,*,#712,.F.);
#712 = EDGE_CURVE('',#217,#470,#713,.T.);
#713 = LINE('',#714,#715);
#714 = CARTESIAN_POINT('',(269.25,9.,93.));
#715 = VECTOR('',#716,1.);
#716 = DIRECTION('',(0.,0.,1.));
#717 = ORIENTED_EDGE('',*,*,#216,.T.);
#718 = ORIENTED_EDGE('',*,*,#712,.T.);
#719 = CYLINDRICAL_SURFACE('',#720,2.25);
#720 = AXIS2_PLACEMENT_3D('',#721,#722,#723);
#721 = CARTESIAN_POINT('',(267.,9.,93.));
#722 = DIRECTION('',(0.,0.,1.));
#723 = DIRECTION('',(1.,0.,-0.));
#724 = ADVANCED_FACE('',(#725),#736,.F.);
#725 = FACE_BOUND('',#726,.F.);
#726 = EDGE_LOOP('',(#727,#728,#734,#735));
#727 = ORIENTED_EDGE('',*,*,#480,.F.);
#728 = ORIENTED_EDGE('',*,*,#729,.F.);
#729 = EDGE_CURVE('',#228,#481,#730,.T.);
#730 = LINE('',#731,#732);
#731 = CARTESIAN_POINT('',(272.25,88.666666666667,93.));
#732 = VECTOR('',#733,1.);
#733 = DIRECTION('',(0.,0.,1.));
#734 = ORIENTED_EDGE('',*,*,#227,.T.);
#735 = ORIENTED_EDGE('',*,*,#729,.T.);
#736 = CYLINDRICAL_SURFACE('',#737,2.25);
#737 = AXIS2_PLACEMENT_3D('',#738,#739,#740);
#738 = CARTESIAN_POINT('',(270.,88.666666666667,93.));
#739 = DIRECTION('',(0.,0.,1.));
#740 = DIRECTION('',(1.,0.,-0.));
#741 = ADVANCED_FACE('',(#742),#753,.F.);
#742 = FACE_BOUND('',#743,.F.);
#743 = EDGE_LOOP('',(#744,#745,#751,#752));
#744 = ORIENTED_EDGE('',*,*,#491,.F.);
#745 = ORIENTED_EDGE('',*,*,#746,.F.);
#746 = EDGE_CURVE('',#239,#492,#747,.T.);
#747 = LINE('',#748,#749);
#748 = CARTESIAN_POINT('',(8.25,177.33333333333,93.));
#749 = VECTOR('',#750,1.);
#750 = DIRECTION('',(0.,0.,1.));
#751 = ORIENTED_EDGE('',*,*,#238,.T.);
#752 = ORIENTED_EDGE('',*,*,#746,.T.);
#753 = CYLINDRICAL_SURFACE('',#754,2.25);
#754 = AXIS2_PLACEMENT_3D('',#755,#756,#757);
#755 = CARTESIAN_POINT('',(6.,177.33333333333,93.));
#756 = DIRECTION('',(0.,0.,1.));
#757 = DIRECTION('',(1.,0.,-0.));
#758 = ADVANCED_FACE('',(#759),#770,.F.);
#759 = FACE_BOUND('',#760,.F.);
#760 = EDGE_LOOP('',(#761,#762,#768,#769));
#761 = ORIENTED_EDGE('',*,*,#502,.F.);
#762 = ORIENTED_EDGE('',*,*,#763,.F.);
#763 = EDGE_CURVE('',#250,#503,#764,.T.);
#764 = LINE('',#765,#766);
#765 = CARTESIAN_POINT('',(11.25,257.,93.));
#766 = VECTOR('',#767,1.);
#767 = DIRECTION('',(0.,0.,1.));
#768 = ORIENTED_EDGE('',*,*,#249,.T.);
#769 = ORIENTED_EDGE('',*,*,#763,.T.);
#770 = CYLINDRICAL_SURFACE('',#771,2.25);
#771 = AXIS2_PLACEMENT_3D('',#772,#773,#774);
#772 = CARTESIAN_POINT('',(9.,257.,93.));
#773 = DIRECTION('',(0.,0.,1.));
#774 = DIRECTION('',(1.,0.,-0.));
#775 = ADVANCED_FACE('',(#776),#787,.F.);
#776 = FACE_BOUND('',#777,.F.);
#777 = EDGE_LOOP('',(#778,#779,#785,#786));
#778 = ORIENTED_EDGE('',*,*,#513,.F.);
#779 = ORIENTED_EDGE('',*,*,#780,.F.);
#780 = EDGE_CURVE('',#261,#514,#781,.T.);
#781 = LINE('',#782,#783);
#782 = CARTESIAN_POINT('',(94.25,260.,93.));
#783 = VECTOR('',#784,1.);
#784 = DIRECTION('',(0.,0.,1.));
#785 = ORIENTED_EDGE('',*,*,#260,.T.);
#786 = ORIENTED_EDGE('',*,*,#780,.T.);
#787 = CYLINDRICAL_SURFACE('',#788,2.25);
#788 = AXIS2_PLACEMENT_3D('',#789,#790,#791);
#789 = CARTESIAN_POINT('',(92.,260.,93.));
#790 = DIRECTION('',(0.,0.,1.));
#791 = DIRECTION('',(1.,0.,-0.));
#792 = ADVANCED_FACE('',(#793),#819,.F.);
#793 = FACE_BOUND('',#794,.T.);
#794 = EDGE_LOOP('',(#795,#796,#804,#813));
#795 = ORIENTED_EDGE('',*,*,#271,.T.);
#796 = ORIENTED_EDGE('',*,*,#797,.T.);
#797 = EDGE_CURVE('',#274,#798,#800,.T.);
#798 = VERTEX_POINT('',#799);
#799 = CARTESIAN_POINT('',(257.2,10.85,96.3));
#800 = LINE('',#801,#802);
#801 = CARTESIAN_POINT('',(257.2,10.85,93.99));
#802 = VECTOR('',#803,1.);
#803 = DIRECTION('',(0.,0.,1.));
#804 = ORIENTED_EDGE('',*,*,#805,.T.);
#805 = EDGE_CURVE('',#798,#806,#808,.T.);
#806 = VERTEX_POINT('',#807);
#807 = CARTESIAN_POINT('',(265.15,18.8,96.3));
#808 = CIRCLE('',#809,7.95);
#809 = AXIS2_PLACEMENT_3D('',#810,#811,#812);
#810 = CARTESIAN_POINT('',(257.2,18.8,96.3));
#811 = DIRECTION('',(0.,0.,1.));
#812 = DIRECTION('',(1.,0.,-0.));
#813 = ORIENTED_EDGE('',*,*,#814,.F.);
#814 = EDGE_CURVE('',#272,#806,#815,.T.);
#815 = LINE('',#816,#817);
#816 = CARTESIAN_POINT('',(265.15,18.8,93.99));
#817 = VECTOR('',#818,1.);
#818 = DIRECTION('',(0.,0.,1.));
#819 = CYLINDRICAL_SURFACE('',#820,7.95);
#820 = AXIS2_PLACEMENT_3D('',#821,#822,#823);
#821 = CARTESIAN_POINT('',(257.2,18.8,93.99));
#822 = DIRECTION('',(-0.,-0.,-1.));
#823 = DIRECTION('',(1.,0.,-0.));
#824 = ADVANCED_FACE('',(#825),#843,.T.);
#825 = FACE_BOUND('',#826,.T.);
#826 = EDGE_LOOP('',(#827,#828,#829,#837));
#827 = ORIENTED_EDGE('',*,*,#333,.T.);
#828 = ORIENTED_EDGE('',*,*,#814,.T.);
#829 = ORIENTED_EDGE('',*,*,#830,.T.);
#830 = EDGE_CURVE('',#806,#831,#833,.T.);
#831 = VERTEX_POINT('',#832);
#832 = CARTESIAN_POINT('',(265.15,247.2,96.3));
#833 = LINE('',#834,#835);
#834 = CARTESIAN_POINT('',(265.15,18.8,96.3));
#835 = VECTOR('',#836,1.);
#836 = DIRECTION('',(0.,1.,0.));
#837 = ORIENTED_EDGE('',*,*,#838,.F.);
#838 = EDGE_CURVE('',#325,#831,#839,.T.);
#839 = LINE('',#840,#841);
#840 = CARTESIAN_POINT('',(265.15,247.2,93.99));
#841 = VECTOR('',#842,1.);
#842 = DIRECTION('',(0.,0.,1.));
#843 = PLANE('',#844);
#844 = AXIS2_PLACEMENT_3D('',#845,#846,#847);
#845 = CARTESIAN_POINT('',(265.15,18.8,93.99));
#846 = DIRECTION('',(-1.,0.,0.));
#847 = DIRECTION('',(0.,1.,0.));
#848 = ADVANCED_FACE('',(#849),#867,.T.);
#849 = FACE_BOUND('',#850,.T.);
#850 = EDGE_LOOP('',(#851,#852,#860,#866));
#851 = ORIENTED_EDGE('',*,*,#282,.T.);
#852 = ORIENTED_EDGE('',*,*,#853,.T.);
#853 = EDGE_CURVE('',#283,#854,#856,.T.);
#854 = VERTEX_POINT('',#855);
#855 = CARTESIAN_POINT('',(18.8,10.85,96.3));
#856 = LINE('',#857,#858);
#857 = CARTESIAN_POINT('',(18.8,10.85,93.99));
#858 = VECTOR('',#859,1.);
#859 = DIRECTION('',(0.,0.,1.));
#860 = ORIENTED_EDGE('',*,*,#861,.T.);
#861 = EDGE_CURVE('',#854,#798,#862,.T.);
#862 = LINE('',#863,#864);
#863 = CARTESIAN_POINT('',(18.8,10.85,96.3));
#864 = VECTOR('',#865,1.);
#865 = DIRECTION('',(1.,0.,0.));
#866 = ORIENTED_EDGE('',*,*,#797,.F.);
#867 = PLANE('',#868);
#868 = AXIS2_PLACEMENT_3D('',#869,#870,#871);
#869 = CARTESIAN_POINT('',(18.8,10.85,93.99));
#870 = DIRECTION('',(0.,1.,0.));
#871 = DIRECTION('',(1.,0.,0.));
#872 = ADVANCED_FACE('',(#873),#892,.F.);
#873 = FACE_BOUND('',#874,.T.);
#874 = EDGE_LOOP('',(#875,#876,#877,#886));
#875 = ORIENTED_EDGE('',*,*,#324,.T.);
#876 = ORIENTED_EDGE('',*,*,#838,.T.);
#877 = ORIENTED_EDGE('',*,*,#878,.T.);
#878 = EDGE_CURVE('',#831,#879,#881,.T.);
#879 = VERTEX_POINT('',#880);
#880 = CARTESIAN_POINT('',(257.2,255.15,96.3));
#881 = CIRCLE('',#882,7.95);
#882 = AXIS2_PLACEMENT_3D('',#883,#884,#885);
#883 = CARTESIAN_POINT('',(257.2,247.2,96.3));
#884 = DIRECTION('',(0.,0.,1.));
#885 = DIRECTION('',(1.,0.,-0.));
#886 = ORIENTED_EDGE('',*,*,#887,.F.);
#887 = EDGE_CURVE('',#317,#879,#888,.T.);
#888 = LINE('',#889,#890);
#889 = CARTESIAN_POINT('',(257.2,255.15,93.99));
#890 = VECTOR('',#891,1.);
#891 = DIRECTION('',(0.,0.,1.));
#892 = CYLINDRICAL_SURFACE('',#893,7.95);
#893 = AXIS2_PLACEMENT_3D('',#894,#895,#896);
#894 = CARTESIAN_POINT('',(257.2,247.2,93.99));
#895 = DIRECTION('',(-0.,-0.,-1.));
#896 = DIRECTION('',(1.,0.,-0.));
#897 = ADVANCED_FACE('',(#898),#917,.F.);
#898 = FACE_BOUND('',#899,.T.);
#899 = EDGE_LOOP('',(#900,#901,#909,#916));
#900 = ORIENTED_EDGE('',*,*,#290,.T.);
#901 = ORIENTED_EDGE('',*,*,#902,.T.);
#902 = EDGE_CURVE('',#291,#903,#905,.T.);
#903 = VERTEX_POINT('',#904);
#904 = CARTESIAN_POINT('',(10.85,18.8,96.3));
#905 = LINE('',#906,#907);
#906 = CARTESIAN_POINT('',(10.85,18.8,93.99));
#907 = VECTOR('',#908,1.);
#908 = DIRECTION('',(0.,0.,1.));
#909 = ORIENTED_EDGE('',*,*,#910,.T.);
#910 = EDGE_CURVE('',#903,#854,#911,.T.);
#911 = CIRCLE('',#912,7.95);
#912 = AXIS2_PLACEMENT_3D('',#913,#914,#915);
#913 = CARTESIAN_POINT('',(18.8,18.8,96.3));
#914 = DIRECTION('',(0.,0.,1.));
#915 = DIRECTION('',(1.,0.,-0.));
#916 = ORIENTED_EDGE('',*,*,#853,.F.);
#917 = CYLINDRICAL_SURFACE('',#918,7.95);
#918 = AXIS2_PLACEMENT_3D('',#919,#920,#921);
#919 = CARTESIAN_POINT('',(18.8,18.8,93.99));
#920 = DIRECTION('',(-0.,-0.,-1.));
#921 = DIRECTION('',(1.,0.,-0.));
#922 = ADVANCED_FACE('',(#923),#941,.T.);
#923 = FACE_BOUND('',#924,.T.);
#924 = EDGE_LOOP('',(#925,#926,#927,#935));
#925 = ORIENTED_EDGE('',*,*,#316,.T.);
#926 = ORIENTED_EDGE('',*,*,#887,.T.);
#927 = ORIENTED_EDGE('',*,*,#928,.T.);
#928 = EDGE_CURVE('',#879,#929,#931,.T.);
#929 = VERTEX_POINT('',#930);
#930 = CARTESIAN_POINT('',(18.8,255.15,96.3));
#931 = LINE('',#932,#933);
#932 = CARTESIAN_POINT('',(257.2,255.15,96.3));
#933 = VECTOR('',#934,1.);
#934 = DIRECTION('',(-1.,0.,0.));
#935 = ORIENTED_EDGE('',*,*,#936,.F.);
#936 = EDGE_CURVE('',#308,#929,#937,.T.);
#937 = LINE('',#938,#939);
#938 = CARTESIAN_POINT('',(18.8,255.15,93.99));
#939 = VECTOR('',#940,1.);
#940 = DIRECTION('',(0.,0.,1.));
#941 = PLANE('',#942);
#942 = AXIS2_PLACEMENT_3D('',#943,#944,#945);
#943 = CARTESIAN_POINT('',(257.2,255.15,93.99));
#944 = DIRECTION('',(0.,-1.,0.));
#945 = DIRECTION('',(-1.,0.,0.));
#946 = ADVANCED_FACE('',(#947),#965,.T.);
#947 = FACE_BOUND('',#948,.T.);
#948 = EDGE_LOOP('',(#949,#950,#958,#964));
#949 = ORIENTED_EDGE('',*,*,#299,.T.);
#950 = ORIENTED_EDGE('',*,*,#951,.T.);
#951 = EDGE_CURVE('',#300,#952,#954,.T.);
#952 = VERTEX_POINT('',#953);
#953 = CARTESIAN_POINT('',(10.85,247.2,96.3));
#954 = LINE('',#955,#956);
#955 = CARTESIAN_POINT('',(10.85,247.2,93.99));
#956 = VECTOR('',#957,1.);
#957 = DIRECTION('',(0.,0.,1.));
#958 = ORIENTED_EDGE('',*,*,#959,.T.);
#959 = EDGE_CURVE('',#952,#903,#960,.T.);
#960 = LINE('',#961,#962);
#961 = CARTESIAN_POINT('',(10.85,247.2,96.3));
#962 = VECTOR('',#963,1.);
#963 = DIRECTION('',(0.,-1.,0.));
#964 = ORIENTED_EDGE('',*,*,#902,.F.);
#965 = PLANE('',#966);
#966 = AXIS2_PLACEMENT_3D('',#967,#968,#969);
#967 = CARTESIAN_POINT('',(10.85,247.2,93.99));
#968 = DIRECTION('',(1.,0.,-0.));
#969 = DIRECTION('',(0.,-1.,0.));
#970 = ADVANCED_FACE('',(#971),#983,.F.);
#971 = FACE_BOUND('',#972,.T.);
#972 = EDGE_LOOP('',(#973,#974,#975,#982));
#973 = ORIENTED_EDGE('',*,*,#307,.T.);
#974 = ORIENTED_EDGE('',*,*,#936,.T.);
#975 = ORIENTED_EDGE('',*,*,#976,.T.);
#976 = EDGE_CURVE('',#929,#952,#977,.T.);
#977 = CIRCLE('',#978,7.95);
#978 = AXIS2_PLACEMENT_3D('',#979,#980,#981);
#979 = CARTESIAN_POINT('',(18.8,247.2,96.3));
#980 = DIRECTION('',(0.,0.,1.));
#981 = DIRECTION('',(1.,0.,-0.));
#982 = ORIENTED_EDGE('',*,*,#951,.F.);
#983 = CYLINDRICAL_SURFACE('',#984,7.95);
#984 = AXIS2_PLACEMENT_3D('',#985,#986,#987);
#985 = CARTESIAN_POINT('',(18.8,247.2,93.99));
#986 = DIRECTION('',(-0.,-0.,-1.));
#987 = DIRECTION('',(1.,0.,-0.));
#988 = ADVANCED_FACE('',(#989),#1000,.F.);
#989 = FACE_BOUND('',#990,.F.);
#990 = EDGE_LOOP('',(#991,#992,#998,#999));
#991 = ORIENTED_EDGE('',*,*,#524,.F.);
#992 = ORIENTED_EDGE('',*,*,#993,.F.);
#993 = EDGE_CURVE('',#342,#525,#994,.T.);
#994 = LINE('',#995,#996);
#995 = CARTESIAN_POINT('',(272.25,177.33333333333,93.));
#996 = VECTOR('',#997,1.);
#997 = DIRECTION('',(0.,0.,1.));
#998 = ORIENTED_EDGE('',*,*,#341,.T.);
#999 = ORIENTED_EDGE('',*,*,#993,.T.);
#1000 = CYLINDRICAL_SURFACE('',#1001,2.25);
#1001 = AXIS2_PLACEMENT_3D('',#1002,#1003,#1004);
#1002 = CARTESIAN_POINT('',(270.,177.33333333333,93.));
#1003 = DIRECTION('',(0.,0.,1.));
#1004 = DIRECTION('',(1.,0.,-0.));
#1005 = ADVANCED_FACE('',(#1006),#1017,.F.);
#1006 = FACE_BOUND('',#1007,.F.);
#1007 = EDGE_LOOP('',(#1008,#1009,#1015,#1016));
#1008 = ORIENTED_EDGE('',*,*,#535,.F.);
#1009 = ORIENTED_EDGE('',*,*,#1010,.F.);
#1010 = EDGE_CURVE('',#353,#536,#1011,.T.);
#1011 = LINE('',#1012,#1013);
#1012 = CARTESIAN_POINT('',(186.25,260.,93.));
#1013 = VECTOR('',#1014,1.);
#1014 = DIRECTION('',(0.,0.,1.));
#1015 = ORIENTED_EDGE('',*,*,#352,.T.);
#1016 = ORIENTED_EDGE('',*,*,#1010,.T.);
#1017 = CYLINDRICAL_SURFACE('',#1018,2.25);
#1018 = AXIS2_PLACEMENT_3D('',#1019,#1020,#1021);
#1019 = CARTESIAN_POINT('',(184.,260.,93.));
#1020 = DIRECTION('',(0.,0.,1.));
#1021 = DIRECTION('',(1.,0.,-0.));
#1022 = ADVANCED_FACE('',(#1023),#1034,.F.);
#1023 = FACE_BOUND('',#1024,.F.);
#1024 = EDGE_LOOP('',(#1025,#1026,#1032,#1033));
#1025 = ORIENTED_EDGE('',*,*,#546,.F.);
#1026 = ORIENTED_EDGE('',*,*,#1027,.F.);
#1027 = EDGE_CURVE('',#364,#547,#1028,.T.);
#1028 = LINE('',#1029,#1030);
#1029 = CARTESIAN_POINT('',(269.25,257.,93.));
#1030 = VECTOR('',#1031,1.);
#1031 = DIRECTION('',(0.,0.,1.));
#1032 = ORIENTED_EDGE('',*,*,#363,.T.);
#1033 = ORIENTED_EDGE('',*,*,#1027,.T.);
#1034 = CYLINDRICAL_SURFACE('',#1035,2.25);
#1035 = AXIS2_PLACEMENT_3D('',#1036,#1037,#1038);
#1036 = CARTESIAN_POINT('',(267.,257.,93.));
#1037 = DIRECTION('',(0.,0.,1.));
#1038 = DIRECTION('',(1.,0.,-0.));
#1039 = ADVANCED_FACE('',(#1040,#1050),#1120,.F.);
#1040 = FACE_BOUND('',#1041,.F.);
#1041 = EDGE_LOOP('',(#1042,#1043,#1044,#1045,#1046,#1047,#1048,#1049));
#1042 = ORIENTED_EDGE('',*,*,#861,.T.);
#1043 = ORIENTED_EDGE('',*,*,#805,.T.);
#1044 = ORIENTED_EDGE('',*,*,#830,.T.);
#1045 = ORIENTED_EDGE('',*,*,#878,.T.);
#1046 = ORIENTED_EDGE('',*,*,#928,.T.);
#1047 = ORIENTED_EDGE('',*,*,#976,.T.);
#1048 = ORIENTED_EDGE('',*,*,#959,.T.);
#1049 = ORIENTED_EDGE('',*,*,#910,.T.);
#1050 = FACE_BOUND('',#1051,.F.);
#1051 = EDGE_LOOP('',(#1052,#1063,#1071,#1080,#1088,#1097,#1105,#1114));
#1052 = ORIENTED_EDGE('',*,*,#1053,.T.);
#1053 = EDGE_CURVE('',#1054,#1056,#1058,.T.);
#1054 = VERTEX_POINT('',#1055);
#1055 = CARTESIAN_POINT('',(261.25,18.8,96.3));
#1056 = VERTEX_POINT('',#1057);
#1057 = CARTESIAN_POINT('',(257.2,14.75,96.3));
#1058 = CIRCLE('',#1059,4.05);
#1059 = AXIS2_PLACEMENT_3D('',#1060,#1061,#1062);
#1060 = CARTESIAN_POINT('',(257.2,18.8,96.3));
#1061 = DIRECTION('',(0.,-0.,-1.));
#1062 = DIRECTION('',(1.,0.,-0.));
#1063 = ORIENTED_EDGE('',*,*,#1064,.T.);
#1064 = EDGE_CURVE('',#1056,#1065,#1067,.T.);
#1065 = VERTEX_POINT('',#1066);
#1066 = CARTESIAN_POINT('',(18.8,14.75,96.3));
#1067 = LINE('',#1068,#1069);
#1068 = CARTESIAN_POINT('',(78.4,14.75,96.3));
#1069 = VECTOR('',#1070,1.);
#1070 = DIRECTION('',(-1.,0.,0.));
#1071 = ORIENTED_EDGE('',*,*,#1072,.T.);
#1072 = EDGE_CURVE('',#1065,#1073,#1075,.T.);
#1073 = VERTEX_POINT('',#1074);
#1074 = CARTESIAN_POINT('',(14.75,18.8,96.3));
#1075 = CIRCLE('',#1076,4.05);
#1076 = AXIS2_PLACEMENT_3D('',#1077,#1078,#1079);
#1077 = CARTESIAN_POINT('',(18.8,18.8,96.3));
#1078 = DIRECTION('',(0.,-0.,-1.));
#1079 = DIRECTION('',(1.,0.,-0.));
#1080 = ORIENTED_EDGE('',*,*,#1081,.T.);
#1081 = EDGE_CURVE('',#1073,#1082,#1084,.T.);
#1082 = VERTEX_POINT('',#1083);
#1083 = CARTESIAN_POINT('',(14.75,247.2,96.3));
#1084 = LINE('',#1085,#1086);
#1085 = CARTESIAN_POINT('',(14.75,190.1,96.3));
#1086 = VECTOR('',#1087,1.);
#1087 = DIRECTION('',(-0.,1.,0.));
#1088 = ORIENTED_EDGE('',*,*,#1089,.T.);
#1089 = EDGE_CURVE('',#1082,#1090,#1092,.T.);
#1090 = VERTEX_POINT('',#1091);
#1091 = CARTESIAN_POINT('',(18.8,251.25,96.3));
#1092 = CIRCLE('',#1093,4.05);
#1093 = AXIS2_PLACEMENT_3D('',#1094,#1095,#1096);
#1094 = CARTESIAN_POINT('',(18.8,247.2,96.3));
#1095 = DIRECTION('',(0.,-0.,-1.));
#1096 = DIRECTION('',(1.,0.,-0.));
#1097 = ORIENTED_EDGE('',*,*,#1098,.T.);
#1098 = EDGE_CURVE('',#1090,#1099,#1101,.T.);
#1099 = VERTEX_POINT('',#1100);
#1100 = CARTESIAN_POINT('',(257.2,251.25,96.3));
#1101 = LINE('',#1102,#1103);
#1102 = CARTESIAN_POINT('',(197.6,251.25,96.3));
#1103 = VECTOR('',#1104,1.);
#1104 = DIRECTION('',(1.,0.,-0.));
#1105 = ORIENTED_EDGE('',*,*,#1106,.T.);
#1106 = EDGE_CURVE('',#1099,#1107,#1109,.T.);
#1107 = VERTEX_POINT('',#1108);
#1108 = CARTESIAN_POINT('',(261.25,247.2,96.3));
#1109 = CIRCLE('',#1110,4.05);
#1110 = AXIS2_PLACEMENT_3D('',#1111,#1112,#1113);
#1111 = CARTESIAN_POINT('',(257.2,247.2,96.3));
#1112 = DIRECTION('',(0.,-0.,-1.));
#1113 = DIRECTION('',(1.,0.,-0.));
#1114 = ORIENTED_EDGE('',*,*,#1115,.T.);
#1115 = EDGE_CURVE('',#1107,#1054,#1116,.T.);
#1116 = LINE('',#1117,#1118);
#1117 = CARTESIAN_POINT('',(261.25,75.9,96.3));
#1118 = VECTOR('',#1119,1.);
#1119 = DIRECTION('',(0.,-1.,0.));
#1120 = PLANE('',#1121);
#1121 = AXIS2_PLACEMENT_3D('',#1122,#1123,#1124);
#1122 = CARTESIAN_POINT('',(138.,133.,96.3));
#1123 = DIRECTION('',(0.,0.,1.));
#1124 = DIRECTION('',(1.,0.,-0.));
#1125 = ADVANCED_FACE('',(#1126),#1152,.T.);
#1126 = FACE_BOUND('',#1127,.F.);
#1127 = EDGE_LOOP('',(#1128,#1136,#1145,#1151));
#1128 = ORIENTED_EDGE('',*,*,#1129,.F.);
#1129 = EDGE_CURVE('',#1130,#1054,#1132,.T.);
#1130 = VERTEX_POINT('',#1131);
#1131 = CARTESIAN_POINT('',(261.25,18.8,94.));
#1132 = LINE('',#1133,#1134);
#1133 = CARTESIAN_POINT('',(261.25,18.8,92.99));
#1134 = VECTOR('',#1135,1.);
#1135 = DIRECTION('',(0.,0.,1.));
#1136 = ORIENTED_EDGE('',*,*,#1137,.T.);
#1137 = EDGE_CURVE('',#1130,#1138,#1140,.T.);
#1138 = VERTEX_POINT('',#1139);
#1139 = CARTESIAN_POINT('',(257.2,14.75,94.));
#1140 = CIRCLE('',#1141,4.05);
#1141 = AXIS2_PLACEMENT_3D('',#1142,#1143,#1144);
#1142 = CARTESIAN_POINT('',(257.2,18.8,94.));
#1143 = DIRECTION('',(0.,-0.,-1.));
#1144 = DIRECTION('',(1.,0.,-0.));
#1145 = ORIENTED_EDGE('',*,*,#1146,.T.);
#1146 = EDGE_CURVE('',#1138,#1056,#1147,.T.);
#1147 = LINE('',#1148,#1149);
#1148 = CARTESIAN_POINT('',(257.2,14.75,92.99));
#1149 = VECTOR('',#1150,1.);
#1150 = DIRECTION('',(0.,0.,1.));
#1151 = ORIENTED_EDGE('',*,*,#1053,.F.);
#1152 = CYLINDRICAL_SURFACE('',#1153,4.05);
#1153 = AXIS2_PLACEMENT_3D('',#1154,#1155,#1156);
#1154 = CARTESIAN_POINT('',(257.2,18.8,92.99));
#1155 = DIRECTION('',(-0.,-0.,-1.));
#1156 = DIRECTION('',(1.,0.,-0.));
#1157 = ADVANCED_FACE('',(#1158),#1176,.F.);
#1158 = FACE_BOUND('',#1159,.F.);
#1159 = EDGE_LOOP('',(#1160,#1168,#1174,#1175));
#1160 = ORIENTED_EDGE('',*,*,#1161,.F.);
#1161 = EDGE_CURVE('',#1162,#1107,#1164,.T.);
#1162 = VERTEX_POINT('',#1163);
#1163 = CARTESIAN_POINT('',(261.25,247.2,94.));
#1164 = LINE('',#1165,#1166);
#1165 = CARTESIAN_POINT('',(261.25,247.2,92.99));
#1166 = VECTOR('',#1167,1.);
#1167 = DIRECTION('',(0.,0.,1.));
#1168 = ORIENTED_EDGE('',*,*,#1169,.T.);
#1169 = EDGE_CURVE('',#1162,#1130,#1170,.T.);
#1170 = LINE('',#1171,#1172);
#1171 = CARTESIAN_POINT('',(261.25,75.9,94.));
#1172 = VECTOR('',#1173,1.);
#1173 = DIRECTION('',(0.,-1.,0.));
#1174 = ORIENTED_EDGE('',*,*,#1129,.T.);
#1175 = ORIENTED_EDGE('',*,*,#1115,.F.);
#1176 = PLANE('',#1177);
#1177 = AXIS2_PLACEMENT_3D('',#1178,#1179,#1180);
#1178 = CARTESIAN_POINT('',(261.25,18.8,92.99));
#1179 = DIRECTION('',(-1.,0.,0.));
#1180 = DIRECTION('',(0.,1.,0.));
#1181 = ADVANCED_FACE('',(#1182),#1201,.T.);
#1182 = FACE_BOUND('',#1183,.F.);
#1183 = EDGE_LOOP('',(#1184,#1192,#1199,#1200));
#1184 = ORIENTED_EDGE('',*,*,#1185,.F.);
#1185 = EDGE_CURVE('',#1186,#1099,#1188,.T.);
#1186 = VERTEX_POINT('',#1187);
#1187 = CARTESIAN_POINT('',(257.2,251.25,94.));
#1188 = LINE('',#1189,#1190);
#1189 = CARTESIAN_POINT('',(257.2,251.25,92.99));
#1190 = VECTOR('',#1191,1.);
#1191 = DIRECTION('',(0.,0.,1.));
#1192 = ORIENTED_EDGE('',*,*,#1193,.T.);
#1193 = EDGE_CURVE('',#1186,#1162,#1194,.T.);
#1194 = CIRCLE('',#1195,4.05);
#1195 = AXIS2_PLACEMENT_3D('',#1196,#1197,#1198);
#1196 = CARTESIAN_POINT('',(257.2,247.2,94.));
#1197 = DIRECTION('',(0.,-0.,-1.));
#1198 = DIRECTION('',(1.,0.,-0.));
#1199 = ORIENTED_EDGE('',*,*,#1161,.T.);
#1200 = ORIENTED_EDGE('',*,*,#1106,.F.);
#1201 = CYLINDRICAL_SURFACE('',#1202,4.05);
#1202 = AXIS2_PLACEMENT_3D('',#1203,#1204,#1205);
#1203 = CARTESIAN_POINT('',(257.2,247.2,92.99));
#1204 = DIRECTION('',(-0.,-0.,-1.));
#1205 = DIRECTION('',(1.,0.,-0.));
#1206 = ADVANCED_FACE('',(#1207),#1225,.F.);
#1207 = FACE_BOUND('',#1208,.F.);
#1208 = EDGE_LOOP('',(#1209,#1217,#1223,#1224));
#1209 = ORIENTED_EDGE('',*,*,#1210,.F.);
#1210 = EDGE_CURVE('',#1211,#1090,#1213,.T.);
#1211 = VERTEX_POINT('',#1212);
#1212 = CARTESIAN_POINT('',(18.8,251.25,94.));
#1213 = LINE('',#1214,#1215);
#1214 = CARTESIAN_POINT('',(18.8,251.25,92.99));
#1215 = VECTOR('',#1216,1.);
#1216 = DIRECTION('',(0.,0.,1.));
#1217 = ORIENTED_EDGE('',*,*,#1218,.T.);
#1218 = EDGE_CURVE('',#1211,#1186,#1219,.T.);
#1219 = LINE('',#1220,#1221);
#1220 = CARTESIAN_POINT('',(197.6,251.25,94.));
#1221 = VECTOR('',#1222,1.);
#1222 = DIRECTION('',(1.,0.,-0.));
#1223 = ORIENTED_EDGE('',*,*,#1185,.T.);
#1224 = ORIENTED_EDGE('',*,*,#1098,.F.);
#1225 = PLANE('',#1226);
#1226 = AXIS2_PLACEMENT_3D('',#1227,#1228,#1229);
#1227 = CARTESIAN_POINT('',(257.2,251.25,92.99));
#1228 = DIRECTION('',(0.,-1.,0.));
#1229 = DIRECTION('',(-1.,0.,0.));
#1230 = ADVANCED_FACE('',(#1231),#1250,.T.);
#1231 = FACE_BOUND('',#1232,.F.);
#1232 = EDGE_LOOP('',(#1233,#1241,#1248,#1249));
#1233 = ORIENTED_EDGE('',*,*,#1234,.F.);
#1234 = EDGE_CURVE('',#1235,#1082,#1237,.T.);
#1235 = VERTEX_POINT('',#1236);
#1236 = CARTESIAN_POINT('',(14.75,247.2,94.));
#1237 = LINE('',#1238,#1239);
#1238 = CARTESIAN_POINT('',(14.75,247.2,92.99));
#1239 = VECTOR('',#1240,1.);
#1240 = DIRECTION('',(0.,0.,1.));
#1241 = ORIENTED_EDGE('',*,*,#1242,.T.);
#1242 = EDGE_CURVE('',#1235,#1211,#1243,.T.);
#1243 = CIRCLE('',#1244,4.05);
#1244 = AXIS2_PLACEMENT_3D('',#1245,#1246,#1247);
#1245 = CARTESIAN_POINT('',(18.8,247.2,94.));
#1246 = DIRECTION('',(0.,-0.,-1.));
#1247 = DIRECTION('',(1.,0.,-0.));
#1248 = ORIENTED_EDGE('',*,*,#1210,.T.);
#1249 = ORIENTED_EDGE('',*,*,#1089,.F.);
#1250 = CYLINDRICAL_SURFACE('',#1251,4.05);
#1251 = AXIS2_PLACEMENT_3D('',#1252,#1253,#1254);
#1252 = CARTESIAN_POINT('',(18.8,247.2,92.99));
#1253 = DIRECTION('',(-0.,-0.,-1.));
#1254 = DIRECTION('',(1.,0.,-0.));
#1255 = ADVANCED_FACE('',(#1256),#1274,.F.);
#1256 = FACE_BOUND('',#1257,.F.);
#1257 = EDGE_LOOP('',(#1258,#1266,#1272,#1273));
#1258 = ORIENTED_EDGE('',*,*,#1259,.F.);
#1259 = EDGE_CURVE('',#1260,#1073,#1262,.T.);
#1260 = VERTEX_POINT('',#1261);
#1261 = CARTESIAN_POINT('',(14.75,18.8,94.));
#1262 = LINE('',#1263,#1264);
#1263 = CARTESIAN_POINT('',(14.75,18.8,92.99));
#1264 = VECTOR('',#1265,1.);
#1265 = DIRECTION('',(0.,0.,1.));
#1266 = ORIENTED_EDGE('',*,*,#1267,.T.);
#1267 = EDGE_CURVE('',#1260,#1235,#1268,.T.);
#1268 = LINE('',#1269,#1270);
#1269 = CARTESIAN_POINT('',(14.75,190.1,94.));
#1270 = VECTOR('',#1271,1.);
#1271 = DIRECTION('',(-0.,1.,0.));
#1272 = ORIENTED_EDGE('',*,*,#1234,.T.);
#1273 = ORIENTED_EDGE('',*,*,#1081,.F.);
#1274 = PLANE('',#1275);
#1275 = AXIS2_PLACEMENT_3D('',#1276,#1277,#1278);
#1276 = CARTESIAN_POINT('',(14.75,247.2,92.99));
#1277 = DIRECTION('',(1.,0.,-0.));
#1278 = DIRECTION('',(0.,-1.,0.));
#1279 = ADVANCED_FACE('',(#1280),#1299,.T.);
#1280 = FACE_BOUND('',#1281,.F.);
#1281 = EDGE_LOOP('',(#1282,#1290,#1297,#1298));
#1282 = ORIENTED_EDGE('',*,*,#1283,.F.);
#1283 = EDGE_CURVE('',#1284,#1065,#1286,.T.);
#1284 = VERTEX_POINT('',#1285);
#1285 = CARTESIAN_POINT('',(18.8,14.75,94.));
#1286 = LINE('',#1287,#1288);
#1287 = CARTESIAN_POINT('',(18.8,14.75,92.99));
#1288 = VECTOR('',#1289,1.);
#1289 = DIRECTION('',(0.,0.,1.));
#1290 = ORIENTED_EDGE('',*,*,#1291,.T.);
#1291 = EDGE_CURVE('',#1284,#1260,#1292,.T.);
#1292 = CIRCLE('',#1293,4.05);
#1293 = AXIS2_PLACEMENT_3D('',#1294,#1295,#1296);
#1294 = CARTESIAN_POINT('',(18.8,18.8,94.));
#1295 = DIRECTION('',(0.,-0.,-1.));
#1296 = DIRECTION('',(1.,0.,-0.));
#1297 = ORIENTED_EDGE('',*,*,#1259,.T.);
#1298 = ORIENTED_EDGE('',*,*,#1072,.F.);
#1299 = CYLINDRICAL_SURFACE('',#1300,4.05);
#1300 = AXIS2_PLACEMENT_3D('',#1301,#1302,#1303);
#1301 = CARTESIAN_POINT('',(18.8,18.8,92.99));
#1302 = DIRECTION('',(-0.,-0.,-1.));
#1303 = DIRECTION('',(1.,0.,-0.));
#1304 = ADVANCED_FACE('',(#1305),#1316,.F.);
#1305 = FACE_BOUND('',#1306,.F.);
#1306 = EDGE_LOOP('',(#1307,#1308,#1314,#1315));
#1307 = ORIENTED_EDGE('',*,*,#1146,.F.);
#1308 = ORIENTED_EDGE('',*,*,#1309,.T.);
#1309 = EDGE_CURVE('',#1138,#1284,#1310,.T.);
#1310 = LINE('',#1311,#1312);
#1311 = CARTESIAN_POINT('',(78.4,14.75,94.));
#1312 = VECTOR('',#1313,1.);
#1313 = DIRECTION('',(-1.,0.,0.));
#1314 = ORIENTED_EDGE('',*,*,#1283,.T.);
#1315 = ORIENTED_EDGE('',*,*,#1064,.F.);
#1316 = PLANE('',#1317);
#1317 = AXIS2_PLACEMENT_3D('',#1318,#1319,#1320);
#1318 = CARTESIAN_POINT('',(18.8,14.75,92.99));
#1319 = DIRECTION('',(0.,1.,0.));
#1320 = DIRECTION('',(1.,0.,0.));
#1321 = ADVANCED_FACE('',(#1322,#1332),#1402,.F.);
#1322 = FACE_BOUND('',#1323,.F.);
#1323 = EDGE_LOOP('',(#1324,#1325,#1326,#1327,#1328,#1329,#1330,#1331));
#1324 = ORIENTED_EDGE('',*,*,#1137,.F.);
#1325 = ORIENTED_EDGE('',*,*,#1169,.F.);
#1326 = ORIENTED_EDGE('',*,*,#1193,.F.);
#1327 = ORIENTED_EDGE('',*,*,#1218,.F.);
#1328 = ORIENTED_EDGE('',*,*,#1242,.F.);
#1329 = ORIENTED_EDGE('',*,*,#1267,.F.);
#1330 = ORIENTED_EDGE('',*,*,#1291,.F.);
#1331 = ORIENTED_EDGE('',*,*,#1309,.F.);
#1332 = FACE_BOUND('',#1333,.F.);
#1333 = EDGE_LOOP('',(#1334,#1344,#1353,#1361,#1370,#1378,#1387,#1395));
#1334 = ORIENTED_EDGE('',*,*,#1335,.T.);
#1335 = EDGE_CURVE('',#1336,#1338,#1340,.T.);
#1336 = VERTEX_POINT('',#1337);
#1337 = CARTESIAN_POINT('',(248.,22.,94.));
#1338 = VERTEX_POINT('',#1339);
#1339 = CARTESIAN_POINT('',(28.,22.,94.));
#1340 = LINE('',#1341,#1342);
#1341 = CARTESIAN_POINT('',(83.,22.,94.));
#1342 = VECTOR('',#1343,1.);
#1343 = DIRECTION('',(-1.,0.,0.));
#1344 = ORIENTED_EDGE('',*,*,#1345,.T.);
#1345 = EDGE_CURVE('',#1338,#1346,#1348,.T.);
#1346 = VERTEX_POINT('',#1347);
#1347 = CARTESIAN_POINT('',(22.,28.,94.));
#1348 = CIRCLE('',#1349,6.);
#1349 = AXIS2_PLACEMENT_3D('',#1350,#1351,#1352);
#1350 = CARTESIAN_POINT('',(28.,28.,94.));
#1351 = DIRECTION('',(0.,-0.,-1.));
#1352 = DIRECTION('',(1.,0.,-0.));
#1353 = ORIENTED_EDGE('',*,*,#1354,.T.);
#1354 = EDGE_CURVE('',#1346,#1355,#1357,.T.);
#1355 = VERTEX_POINT('',#1356);
#1356 = CARTESIAN_POINT('',(22.,238.,94.));
#1357 = LINE('',#1358,#1359);
#1358 = CARTESIAN_POINT('',(22.,185.5,94.));
#1359 = VECTOR('',#1360,1.);
#1360 = DIRECTION('',(-0.,1.,0.));
#1361 = ORIENTED_EDGE('',*,*,#1362,.T.);
#1362 = EDGE_CURVE('',#1355,#1363,#1365,.T.);
#1363 = VERTEX_POINT('',#1364);
#1364 = CARTESIAN_POINT('',(28.,244.,94.));
#1365 = CIRCLE('',#1366,6.);
#1366 = AXIS2_PLACEMENT_3D('',#1367,#1368,#1369);
#1367 = CARTESIAN_POINT('',(28.,238.,94.));
#1368 = DIRECTION('',(0.,-0.,-1.));
#1369 = DIRECTION('',(1.,0.,-0.));
#1370 = ORIENTED_EDGE('',*,*,#1371,.T.);
#1371 = EDGE_CURVE('',#1363,#1372,#1374,.T.);
#1372 = VERTEX_POINT('',#1373);
#1373 = CARTESIAN_POINT('',(248.,244.,94.));
#1374 = LINE('',#1375,#1376);
#1375 = CARTESIAN_POINT('',(193.,244.,94.));
#1376 = VECTOR('',#1377,1.);
#1377 = DIRECTION('',(1.,0.,-0.));
#1378 = ORIENTED_EDGE('',*,*,#1379,.T.);
#1379 = EDGE_CURVE('',#1372,#1380,#1382,.T.);
#1380 = VERTEX_POINT('',#1381);
#1381 = CARTESIAN_POINT('',(254.,238.,94.));
#1382 = CIRCLE('',#1383,6.);
#1383 = AXIS2_PLACEMENT_3D('',#1384,#1385,#1386);
#1384 = CARTESIAN_POINT('',(248.,238.,94.));
#1385 = DIRECTION('',(0.,-0.,-1.));
#1386 = DIRECTION('',(1.,0.,-0.));
#1387 = ORIENTED_EDGE('',*,*,#1388,.T.);
#1388 = EDGE_CURVE('',#1380,#1389,#1391,.T.);
#1389 = VERTEX_POINT('',#1390);
#1390 = CARTESIAN_POINT('',(254.,28.,94.));
#1391 = LINE('',#1392,#1393);
#1392 = CARTESIAN_POINT('',(254.,80.5,94.));
#1393 = VECTOR('',#1394,1.);
#1394 = DIRECTION('',(0.,-1.,0.));
#1395 = ORIENTED_EDGE('',*,*,#1396,.T.);
#1396 = EDGE_CURVE('',#1389,#1336,#1397,.T.);
#1397 = CIRCLE('',#1398,6.);
#1398 = AXIS2_PLACEMENT_3D('',#1399,#1400,#1401);
#1399 = CARTESIAN_POINT('',(248.,28.,94.));
#1400 = DIRECTION('',(0.,-0.,-1.));
#1401 = DIRECTION('',(1.,0.,-0.));
#1402 = PLANE('',#1403);
#1403 = AXIS2_PLACEMENT_3D('',#1404,#1405,#1406);
#1404 = CARTESIAN_POINT('',(138.,133.,94.));
#1405 = DIRECTION('',(0.,0.,1.));
#1406 = DIRECTION('',(1.,0.,-0.));
#1407 = ADVANCED_FACE('',(#1408),#1434,.T.);
#1408 = FACE_BOUND('',#1409,.F.);
#1409 = EDGE_LOOP('',(#1410,#1421,#1427,#1428));
#1410 = ORIENTED_EDGE('',*,*,#1411,.F.);
#1411 = EDGE_CURVE('',#1412,#1414,#1416,.T.);
#1412 = VERTEX_POINT('',#1413);
#1413 = CARTESIAN_POINT('',(22.,28.,88.));
#1414 = VERTEX_POINT('',#1415);
#1415 = CARTESIAN_POINT('',(28.,22.,88.));
#1416 = CIRCLE('',#1417,6.);
#1417 = AXIS2_PLACEMENT_3D('',#1418,#1419,#1420);
#1418 = CARTESIAN_POINT('',(28.,28.,88.));
#1419 = DIRECTION('',(0.,0.,1.));
#1420 = DIRECTION('',(1.,0.,-0.));
#1421 = ORIENTED_EDGE('',*,*,#1422,.T.);
#1422 = EDGE_CURVE('',#1412,#1346,#1423,.T.);
#1423 = LINE('',#1424,#1425);
#1424 = CARTESIAN_POINT('',(22.,28.,88.));
#1425 = VECTOR('',#1426,1.);
#1426 = DIRECTION('',(0.,0.,1.));
#1427 = ORIENTED_EDGE('',*,*,#1345,.F.);
#1428 = ORIENTED_EDGE('',*,*,#1429,.F.);
#1429 = EDGE_CURVE('',#1414,#1338,#1430,.T.);
#1430 = LINE('',#1431,#1432);
#1431 = CARTESIAN_POINT('',(28.,22.,88.));
#1432 = VECTOR('',#1433,1.);
#1433 = DIRECTION('',(0.,0.,1.));
#1434 = CYLINDRICAL_SURFACE('',#1435,6.);
#1435 = AXIS2_PLACEMENT_3D('',#1436,#1437,#1438);
#1436 = CARTESIAN_POINT('',(28.,28.,88.));
#1437 = DIRECTION('',(-0.,-0.,-1.));
#1438 = DIRECTION('',(1.,0.,-0.));
#1439 = ADVANCED_FACE('',(#1440),#1466,.T.);
#1440 = FACE_BOUND('',#1441,.F.);
#1441 = EDGE_LOOP('',(#1442,#1453,#1459,#1460));
#1442 = ORIENTED_EDGE('',*,*,#1443,.F.);
#1443 = EDGE_CURVE('',#1444,#1446,#1448,.T.);
#1444 = VERTEX_POINT('',#1445);
#1445 = CARTESIAN_POINT('',(248.,22.,88.));
#1446 = VERTEX_POINT('',#1447);
#1447 = CARTESIAN_POINT('',(254.,28.,88.));
#1448 = CIRCLE('',#1449,6.);
#1449 = AXIS2_PLACEMENT_3D('',#1450,#1451,#1452);
#1450 = CARTESIAN_POINT('',(248.,28.,88.));
#1451 = DIRECTION('',(0.,0.,1.));
#1452 = DIRECTION('',(1.,0.,-0.));
#1453 = ORIENTED_EDGE('',*,*,#1454,.T.);
#1454 = EDGE_CURVE('',#1444,#1336,#1455,.T.);
#1455 = LINE('',#1456,#1457);
#1456 = CARTESIAN_POINT('',(248.,22.,88.));
#1457 = VECTOR('',#1458,1.);
#1458 = DIRECTION('',(0.,0.,1.));
#1459 = ORIENTED_EDGE('',*,*,#1396,.F.);
#1460 = ORIENTED_EDGE('',*,*,#1461,.F.);
#1461 = EDGE_CURVE('',#1446,#1389,#1462,.T.);
#1462 = LINE('',#1463,#1464);
#1463 = CARTESIAN_POINT('',(254.,28.,88.));
#1464 = VECTOR('',#1465,1.);
#1465 = DIRECTION('',(0.,0.,1.));
#1466 = CYLINDRICAL_SURFACE('',#1467,6.);
#1467 = AXIS2_PLACEMENT_3D('',#1468,#1469,#1470);
#1468 = CARTESIAN_POINT('',(248.,28.,88.));
#1469 = DIRECTION('',(-0.,-0.,-1.));
#1470 = DIRECTION('',(1.,0.,-0.));
#1471 = ADVANCED_FACE('',(#1472),#1498,.T.);
#1472 = FACE_BOUND('',#1473,.F.);
#1473 = EDGE_LOOP('',(#1474,#1485,#1491,#1492));
#1474 = ORIENTED_EDGE('',*,*,#1475,.F.);
#1475 = EDGE_CURVE('',#1476,#1478,#1480,.T.);
#1476 = VERTEX_POINT('',#1477);
#1477 = CARTESIAN_POINT('',(28.,244.,88.));
#1478 = VERTEX_POINT('',#1479);
#1479 = CARTESIAN_POINT('',(22.,238.,88.));
#1480 = CIRCLE('',#1481,6.);
#1481 = AXIS2_PLACEMENT_3D('',#1482,#1483,#1484);
#1482 = CARTESIAN_POINT('',(28.,238.,88.));
#1483 = DIRECTION('',(0.,0.,1.));
#1484 = DIRECTION('',(1.,0.,-0.));
#1485 = ORIENTED_EDGE('',*,*,#1486,.T.);
#1486 = EDGE_CURVE('',#1476,#1363,#1487,.T.);
#1487 = LINE('',#1488,#1489);
#1488 = CARTESIAN_POINT('',(28.,244.,88.));
#1489 = VECTOR('',#1490,1.);
#1490 = DIRECTION('',(0.,0.,1.));
#1491 = ORIENTED_EDGE('',*,*,#1362,.F.);
#1492 = ORIENTED_EDGE('',*,*,#1493,.F.);
#1493 = EDGE_CURVE('',#1478,#1355,#1494,.T.);
#1494 = LINE('',#1495,#1496);
#1495 = CARTESIAN_POINT('',(22.,238.,88.));
#1496 = VECTOR('',#1497,1.);
#1497 = DIRECTION('',(0.,0.,1.));
#1498 = CYLINDRICAL_SURFACE('',#1499,6.);
#1499 = AXIS2_PLACEMENT_3D('',#1500,#1501,#1502);
#1500 = CARTESIAN_POINT('',(28.,238.,88.));
#1501 = DIRECTION('',(-0.,-0.,-1.));
#1502 = DIRECTION('',(1.,0.,-0.));
#1503 = ADVANCED_FACE('',(#1504),#1530,.T.);
#1504 = FACE_BOUND('',#1505,.F.);
#1505 = EDGE_LOOP('',(#1506,#1517,#1523,#1524));
#1506 = ORIENTED_EDGE('',*,*,#1507,.F.);
#1507 = EDGE_CURVE('',#1508,#1510,#1512,.T.);
#1508 = VERTEX_POINT('',#1509);
#1509 = CARTESIAN_POINT('',(254.,238.,88.));
#1510 = VERTEX_POINT('',#1511);
#1511 = CARTESIAN_POINT('',(248.,244.,88.));
#1512 = CIRCLE('',#1513,6.);
#1513 = AXIS2_PLACEMENT_3D('',#1514,#1515,#1516);
#1514 = CARTESIAN_POINT('',(248.,238.,88.));
#1515 = DIRECTION('',(0.,0.,1.));
#1516 = DIRECTION('',(1.,0.,-0.));
#1517 = ORIENTED_EDGE('',*,*,#1518,.T.);
#1518 = EDGE_CURVE('',#1508,#1380,#1519,.T.);
#1519 = LINE('',#1520,#1521);
#1520 = CARTESIAN_POINT('',(254.,238.,88.));
#1521 = VECTOR('',#1522,1.);
#1522 = DIRECTION('',(0.,0.,1.));
#1523 = ORIENTED_EDGE('',*,*,#1379,.F.);
#1524 = ORIENTED_EDGE('',*,*,#1525,.F.);
#1525 = EDGE_CURVE('',#1510,#1372,#1526,.T.);
#1526 = LINE('',#1527,#1528);
#1527 = CARTESIAN_POINT('',(248.,244.,88.));
#1528 = VECTOR('',#1529,1.);
#1529 = DIRECTION('',(0.,0.,1.));
#1530 = CYLINDRICAL_SURFACE('',#1531,6.);
#1531 = AXIS2_PLACEMENT_3D('',#1532,#1533,#1534);
#1532 = CARTESIAN_POINT('',(248.,238.,88.));
#1533 = DIRECTION('',(-0.,-0.,-1.));
#1534 = DIRECTION('',(1.,0.,-0.));
#1535 = ADVANCED_FACE('',(#1536),#1547,.T.);
#1536 = FACE_BOUND('',#1537,.T.);
#1537 = EDGE_LOOP('',(#1538,#1539,#1540,#1541));
#1538 = ORIENTED_EDGE('',*,*,#1454,.T.);
#1539 = ORIENTED_EDGE('',*,*,#1335,.T.);
#1540 = ORIENTED_EDGE('',*,*,#1429,.F.);
#1541 = ORIENTED_EDGE('',*,*,#1542,.T.);
#1542 = EDGE_CURVE('',#1414,#1444,#1543,.T.);
#1543 = LINE('',#1544,#1545);
#1544 = CARTESIAN_POINT('',(28.,22.,88.));
#1545 = VECTOR('',#1546,1.);
#1546 = DIRECTION('',(1.,0.,0.));
#1547 = PLANE('',#1548);
#1548 = AXIS2_PLACEMENT_3D('',#1549,#1550,#1551);
#1549 = CARTESIAN_POINT('',(138.,22.,91.));
#1550 = DIRECTION('',(-0.,-1.,-0.));
#1551 = DIRECTION('',(0.,0.,-1.));
#1552 = ADVANCED_FACE('',(#1553),#1564,.T.);
#1553 = FACE_BOUND('',#1554,.T.);
#1554 = EDGE_LOOP('',(#1555,#1556,#1557,#1558));
#1555 = ORIENTED_EDGE('',*,*,#1422,.T.);
#1556 = ORIENTED_EDGE('',*,*,#1354,.T.);
#1557 = ORIENTED_EDGE('',*,*,#1493,.F.);
#1558 = ORIENTED_EDGE('',*,*,#1559,.T.);
#1559 = EDGE_CURVE('',#1478,#1412,#1560,.T.);
#1560 = LINE('',#1561,#1562);
#1561 = CARTESIAN_POINT('',(22.,238.,88.));
#1562 = VECTOR('',#1563,1.);
#1563 = DIRECTION('',(0.,-1.,0.));
#1564 = PLANE('',#1565);
#1565 = AXIS2_PLACEMENT_3D('',#1566,#1567,#1568);
#1566 = CARTESIAN_POINT('',(22.,133.,91.));
#1567 = DIRECTION('',(-1.,-0.,-0.));
#1568 = DIRECTION('',(0.,0.,-1.));
#1569 = ADVANCED_FACE('',(#1570),#1581,.T.);
#1570 = FACE_BOUND('',#1571,.T.);
#1571 = EDGE_LOOP('',(#1572,#1578,#1579,#1580));
#1572 = ORIENTED_EDGE('',*,*,#1573,.T.);
#1573 = EDGE_CURVE('',#1446,#1508,#1574,.T.);
#1574 = LINE('',#1575,#1576);
#1575 = CARTESIAN_POINT('',(254.,28.,88.));
#1576 = VECTOR('',#1577,1.);
#1577 = DIRECTION('',(0.,1.,0.));
#1578 = ORIENTED_EDGE('',*,*,#1518,.T.);
#1579 = ORIENTED_EDGE('',*,*,#1388,.T.);
#1580 = ORIENTED_EDGE('',*,*,#1461,.F.);
#1581 = PLANE('',#1582);
#1582 = AXIS2_PLACEMENT_3D('',#1583,#1584,#1585);
#1583 = CARTESIAN_POINT('',(254.,133.,91.));
#1584 = DIRECTION('',(1.,0.,0.));
#1585 = DIRECTION('',(-0.,0.,1.));
#1586 = ADVANCED_FACE('',(#1587),#1598,.T.);
#1587 = FACE_BOUND('',#1588,.T.);
#1588 = EDGE_LOOP('',(#1589,#1590,#1591,#1592));
#1589 = ORIENTED_EDGE('',*,*,#1486,.T.);
#1590 = ORIENTED_EDGE('',*,*,#1371,.T.);
#1591 = ORIENTED_EDGE('',*,*,#1525,.F.);
#1592 = ORIENTED_EDGE('',*,*,#1593,.T.);
#1593 = EDGE_CURVE('',#1510,#1476,#1594,.T.);
#1594 = LINE('',#1595,#1596);
#1595 = CARTESIAN_POINT('',(248.,244.,88.));
#1596 = VECTOR('',#1597,1.);
#1597 = DIRECTION('',(-1.,0.,0.));
#1598 = PLANE('',#1599);
#1599 = AXIS2_PLACEMENT_3D('',#1600,#1601,#1602);
#1600 = CARTESIAN_POINT('',(138.,244.,91.));
#1601 = DIRECTION('',(0.,1.,0.));
#1602 = DIRECTION('',(0.,-0.,1.));
#1603 = ADVANCED_FACE('',(#1604,#1614,#1648,#1682,#1716,#1750,#1784,
    #1818,#1852,#1886,#1929,#1972,#2015),#2058,.T.);
#1604 = FACE_BOUND('',#1605,.T.);
#1605 = EDGE_LOOP('',(#1606,#1607,#1608,#1609,#1610,#1611,#1612,#1613));
#1606 = ORIENTED_EDGE('',*,*,#1542,.F.);
#1607 = ORIENTED_EDGE('',*,*,#1411,.F.);
#1608 = ORIENTED_EDGE('',*,*,#1559,.F.);
#1609 = ORIENTED_EDGE('',*,*,#1475,.F.);
#1610 = ORIENTED_EDGE('',*,*,#1593,.F.);
#1611 = ORIENTED_EDGE('',*,*,#1507,.F.);
#1612 = ORIENTED_EDGE('',*,*,#1573,.F.);
#1613 = ORIENTED_EDGE('',*,*,#1443,.F.);
#1614 = FACE_BOUND('',#1615,.T.);
#1615 = EDGE_LOOP('',(#1616,#1626,#1634,#1642));
#1616 = ORIENTED_EDGE('',*,*,#1617,.F.);
#1617 = EDGE_CURVE('',#1618,#1620,#1622,.T.);
#1618 = VERTEX_POINT('',#1619);
#1619 = CARTESIAN_POINT('',(139.25,168.75,88.));
#1620 = VERTEX_POINT('',#1621);
#1621 = CARTESIAN_POINT('',(194.75,168.75,88.));
#1622 = LINE('',#1623,#1624);
#1623 = CARTESIAN_POINT('',(22.,168.75,88.));
#1624 = VECTOR('',#1625,1.);
#1625 = DIRECTION('',(1.,0.,-0.));
#1626 = ORIENTED_EDGE('',*,*,#1627,.F.);
#1627 = EDGE_CURVE('',#1628,#1618,#1630,.T.);
#1628 = VERTEX_POINT('',#1629);
#1629 = CARTESIAN_POINT('',(139.25,97.25,88.));
#1630 = LINE('',#1631,#1632);
#1631 = CARTESIAN_POINT('',(139.25,22.,88.));
#1632 = VECTOR('',#1633,1.);
#1633 = DIRECTION('',(-0.,1.,0.));
#1634 = ORIENTED_EDGE('',*,*,#1635,.T.);
#1635 = EDGE_CURVE('',#1628,#1636,#1638,.T.);
#1636 = VERTEX_POINT('',#1637);
#1637 = CARTESIAN_POINT('',(194.75,97.25,88.));
#1638 = LINE('',#1639,#1640);
#1639 = CARTESIAN_POINT('',(22.,97.25,88.));
#1640 = VECTOR('',#1641,1.);
#1641 = DIRECTION('',(1.,0.,-0.));
#1642 = ORIENTED_EDGE('',*,*,#1643,.T.);
#1643 = EDGE_CURVE('',#1636,#1620,#1644,.T.);
#1644 = LINE('',#1645,#1646);
#1645 = CARTESIAN_POINT('',(194.75,22.,88.));
#1646 = VECTOR('',#1647,1.);
#1647 = DIRECTION('',(-0.,1.,0.));
#1648 = FACE_BOUND('',#1649,.T.);
#1649 = EDGE_LOOP('',(#1650,#1660,#1668,#1676));
#1650 = ORIENTED_EDGE('',*,*,#1651,.F.);
#1651 = EDGE_CURVE('',#1652,#1654,#1656,.T.);
#1652 = VERTEX_POINT('',#1653);
#1653 = CARTESIAN_POINT('',(81.25,168.75,88.));
#1654 = VERTEX_POINT('',#1655);
#1655 = CARTESIAN_POINT('',(136.75,168.75,88.));
#1656 = LINE('',#1657,#1658);
#1657 = CARTESIAN_POINT('',(22.,168.75,88.));
#1658 = VECTOR('',#1659,1.);
#1659 = DIRECTION('',(1.,0.,-0.));
#1660 = ORIENTED_EDGE('',*,*,#1661,.F.);
#1661 = EDGE_CURVE('',#1662,#1652,#1664,.T.);
#1662 = VERTEX_POINT('',#1663);
#1663 = CARTESIAN_POINT('',(81.25,97.25,88.));
#1664 = LINE('',#1665,#1666);
#1665 = CARTESIAN_POINT('',(81.25,22.,88.));
#1666 = VECTOR('',#1667,1.);
#1667 = DIRECTION('',(-0.,1.,0.));
#1668 = ORIENTED_EDGE('',*,*,#1669,.T.);
#1669 = EDGE_CURVE('',#1662,#1670,#1672,.T.);
#1670 = VERTEX_POINT('',#1671);
#1671 = CARTESIAN_POINT('',(136.75,97.25,88.));
#1672 = LINE('',#1673,#1674);
#1673 = CARTESIAN_POINT('',(22.,97.25,88.));
#1674 = VECTOR('',#1675,1.);
#1675 = DIRECTION('',(1.,0.,-0.));
#1676 = ORIENTED_EDGE('',*,*,#1677,.T.);
#1677 = EDGE_CURVE('',#1670,#1654,#1678,.T.);
#1678 = LINE('',#1679,#1680);
#1679 = CARTESIAN_POINT('',(136.75,22.,88.));
#1680 = VECTOR('',#1681,1.);
#1681 = DIRECTION('',(-0.,1.,0.));
#1682 = FACE_BOUND('',#1683,.T.);
#1683 = EDGE_LOOP('',(#1684,#1694,#1702,#1710));
#1684 = ORIENTED_EDGE('',*,*,#1685,.F.);
#1685 = EDGE_CURVE('',#1686,#1688,#1690,.T.);
#1686 = VERTEX_POINT('',#1687);
#1687 = CARTESIAN_POINT('',(24.5,97.25,88.));
#1688 = VERTEX_POINT('',#1689);
#1689 = CARTESIAN_POINT('',(24.5,168.75,88.));
#1690 = LINE('',#1691,#1692);
#1691 = CARTESIAN_POINT('',(24.5,185.25,88.));
#1692 = VECTOR('',#1693,1.);
#1693 = DIRECTION('',(-0.,1.,0.));
#1694 = ORIENTED_EDGE('',*,*,#1695,.T.);
#1695 = EDGE_CURVE('',#1686,#1696,#1698,.T.);
#1696 = VERTEX_POINT('',#1697);
#1697 = CARTESIAN_POINT('',(78.75,97.25,88.));
#1698 = LINE('',#1699,#1700);
#1699 = CARTESIAN_POINT('',(22.,97.25,88.));
#1700 = VECTOR('',#1701,1.);
#1701 = DIRECTION('',(1.,0.,-0.));
#1702 = ORIENTED_EDGE('',*,*,#1703,.T.);
#1703 = EDGE_CURVE('',#1696,#1704,#1706,.T.);
#1704 = VERTEX_POINT('',#1705);
#1705 = CARTESIAN_POINT('',(78.75,168.75,88.));
#1706 = LINE('',#1707,#1708);
#1707 = CARTESIAN_POINT('',(78.75,22.,88.));
#1708 = VECTOR('',#1709,1.);
#1709 = DIRECTION('',(-0.,1.,0.));
#1710 = ORIENTED_EDGE('',*,*,#1711,.F.);
#1711 = EDGE_CURVE('',#1688,#1704,#1712,.T.);
#1712 = LINE('',#1713,#1714);
#1713 = CARTESIAN_POINT('',(22.,168.75,88.));
#1714 = VECTOR('',#1715,1.);
#1715 = DIRECTION('',(1.,0.,-0.));
#1716 = FACE_BOUND('',#1717,.T.);
#1717 = EDGE_LOOP('',(#1718,#1728,#1736,#1744));
#1718 = ORIENTED_EDGE('',*,*,#1719,.F.);
#1719 = EDGE_CURVE('',#1720,#1722,#1724,.T.);
#1720 = VERTEX_POINT('',#1721);
#1721 = CARTESIAN_POINT('',(197.25,168.75,88.));
#1722 = VERTEX_POINT('',#1723);
#1723 = CARTESIAN_POINT('',(251.5,168.75,88.));
#1724 = LINE('',#1725,#1726);
#1725 = CARTESIAN_POINT('',(22.,168.75,88.));
#1726 = VECTOR('',#1727,1.);
#1727 = DIRECTION('',(1.,0.,-0.));
#1728 = ORIENTED_EDGE('',*,*,#1729,.F.);
#1729 = EDGE_CURVE('',#1730,#1720,#1732,.T.);
#1730 = VERTEX_POINT('',#1731);
#1731 = CARTESIAN_POINT('',(197.25,97.25,88.));
#1732 = LINE('',#1733,#1734);
#1733 = CARTESIAN_POINT('',(197.25,22.,88.));
#1734 = VECTOR('',#1735,1.);
#1735 = DIRECTION('',(-0.,1.,0.));
#1736 = ORIENTED_EDGE('',*,*,#1737,.T.);
#1737 = EDGE_CURVE('',#1730,#1738,#1740,.T.);
#1738 = VERTEX_POINT('',#1739);
#1739 = CARTESIAN_POINT('',(251.5,97.25,88.));
#1740 = LINE('',#1741,#1742);
#1741 = CARTESIAN_POINT('',(22.,97.25,88.));
#1742 = VECTOR('',#1743,1.);
#1743 = DIRECTION('',(1.,0.,-0.));
#1744 = ORIENTED_EDGE('',*,*,#1745,.F.);
#1745 = EDGE_CURVE('',#1722,#1738,#1746,.T.);
#1746 = LINE('',#1747,#1748);
#1747 = CARTESIAN_POINT('',(251.5,80.75,88.));
#1748 = VECTOR('',#1749,1.);
#1749 = DIRECTION('',(0.,-1.,0.));
#1750 = FACE_BOUND('',#1751,.T.);
#1751 = EDGE_LOOP('',(#1752,#1762,#1770,#1778));
#1752 = ORIENTED_EDGE('',*,*,#1753,.F.);
#1753 = EDGE_CURVE('',#1754,#1756,#1758,.T.);
#1754 = VERTEX_POINT('',#1755);
#1755 = CARTESIAN_POINT('',(81.25,241.5,88.));
#1756 = VERTEX_POINT('',#1757);
#1757 = CARTESIAN_POINT('',(136.75,241.5,88.));
#1758 = LINE('',#1759,#1760);
#1759 = CARTESIAN_POINT('',(192.75,241.5,88.));
#1760 = VECTOR('',#1761,1.);
#1761 = DIRECTION('',(1.,0.,-0.));
#1762 = ORIENTED_EDGE('',*,*,#1763,.F.);
#1763 = EDGE_CURVE('',#1764,#1754,#1766,.T.);
#1764 = VERTEX_POINT('',#1765);
#1765 = CARTESIAN_POINT('',(81.25,171.25,88.));
#1766 = LINE('',#1767,#1768);
#1767 = CARTESIAN_POINT('',(81.25,22.,88.));
#1768 = VECTOR('',#1769,1.);
#1769 = DIRECTION('',(-0.,1.,0.));
#1770 = ORIENTED_EDGE('',*,*,#1771,.T.);
#1771 = EDGE_CURVE('',#1764,#1772,#1774,.T.);
#1772 = VERTEX_POINT('',#1773);
#1773 = CARTESIAN_POINT('',(136.75,171.25,88.));
#1774 = LINE('',#1775,#1776);
#1775 = CARTESIAN_POINT('',(22.,171.25,88.));
#1776 = VECTOR('',#1777,1.);
#1777 = DIRECTION('',(1.,0.,-0.));
#1778 = ORIENTED_EDGE('',*,*,#1779,.T.);
#1779 = EDGE_CURVE('',#1772,#1756,#1780,.T.);
#1780 = LINE('',#1781,#1782);
#1781 = CARTESIAN_POINT('',(136.75,22.,88.));
#1782 = VECTOR('',#1783,1.);
#1783 = DIRECTION('',(-0.,1.,0.));
#1784 = FACE_BOUND('',#1785,.T.);
#1785 = EDGE_LOOP('',(#1786,#1796,#1804,#1812));
#1786 = ORIENTED_EDGE('',*,*,#1787,.F.);
#1787 = EDGE_CURVE('',#1788,#1790,#1792,.T.);
#1788 = VERTEX_POINT('',#1789);
#1789 = CARTESIAN_POINT('',(139.25,241.5,88.));
#1790 = VERTEX_POINT('',#1791);
#1791 = CARTESIAN_POINT('',(194.75,241.5,88.));
#1792 = LINE('',#1793,#1794);
#1793 = CARTESIAN_POINT('',(192.75,241.5,88.));
#1794 = VECTOR('',#1795,1.);
#1795 = DIRECTION('',(1.,0.,-0.));
#1796 = ORIENTED_EDGE('',*,*,#1797,.F.);
#1797 = EDGE_CURVE('',#1798,#1788,#1800,.T.);
#1798 = VERTEX_POINT('',#1799);
#1799 = CARTESIAN_POINT('',(139.25,171.25,88.));
#1800 = LINE('',#1801,#1802);
#1801 = CARTESIAN_POINT('',(139.25,22.,88.));
#1802 = VECTOR('',#1803,1.);
#1803 = DIRECTION('',(-0.,1.,0.));
#1804 = ORIENTED_EDGE('',*,*,#1805,.T.);
#1805 = EDGE_CURVE('',#1798,#1806,#1808,.T.);
#1806 = VERTEX_POINT('',#1807);
#1807 = CARTESIAN_POINT('',(194.75,171.25,88.));
#1808 = LINE('',#1809,#1810);
#1809 = CARTESIAN_POINT('',(22.,171.25,88.));
#1810 = VECTOR('',#1811,1.);
#1811 = DIRECTION('',(1.,0.,-0.));
#1812 = ORIENTED_EDGE('',*,*,#1813,.T.);
#1813 = EDGE_CURVE('',#1806,#1790,#1814,.T.);
#1814 = LINE('',#1815,#1816);
#1815 = CARTESIAN_POINT('',(194.75,22.,88.));
#1816 = VECTOR('',#1817,1.);
#1817 = DIRECTION('',(-0.,1.,0.));
#1818 = FACE_BOUND('',#1819,.T.);
#1819 = EDGE_LOOP('',(#1820,#1830,#1838,#1846));
#1820 = ORIENTED_EDGE('',*,*,#1821,.F.);
#1821 = EDGE_CURVE('',#1822,#1824,#1826,.T.);
#1822 = VERTEX_POINT('',#1823);
#1823 = CARTESIAN_POINT('',(81.25,94.75,88.));
#1824 = VERTEX_POINT('',#1825);
#1825 = CARTESIAN_POINT('',(136.75,94.75,88.));
#1826 = LINE('',#1827,#1828);
#1827 = CARTESIAN_POINT('',(22.,94.75,88.));
#1828 = VECTOR('',#1829,1.);
#1829 = DIRECTION('',(1.,0.,-0.));
#1830 = ORIENTED_EDGE('',*,*,#1831,.F.);
#1831 = EDGE_CURVE('',#1832,#1822,#1834,.T.);
#1832 = VERTEX_POINT('',#1833);
#1833 = CARTESIAN_POINT('',(81.25,24.5,88.));
#1834 = LINE('',#1835,#1836);
#1835 = CARTESIAN_POINT('',(81.25,22.,88.));
#1836 = VECTOR('',#1837,1.);
#1837 = DIRECTION('',(-0.,1.,0.));
#1838 = ORIENTED_EDGE('',*,*,#1839,.F.);
#1839 = EDGE_CURVE('',#1840,#1832,#1842,.T.);
#1840 = VERTEX_POINT('',#1841);
#1841 = CARTESIAN_POINT('',(136.75,24.5,88.));
#1842 = LINE('',#1843,#1844);
#1843 = CARTESIAN_POINT('',(83.25,24.5,88.));
#1844 = VECTOR('',#1845,1.);
#1845 = DIRECTION('',(-1.,0.,0.));
#1846 = ORIENTED_EDGE('',*,*,#1847,.T.);
#1847 = EDGE_CURVE('',#1840,#1824,#1848,.T.);
#1848 = LINE('',#1849,#1850);
#1849 = CARTESIAN_POINT('',(136.75,22.,88.));
#1850 = VECTOR('',#1851,1.);
#1851 = DIRECTION('',(-0.,1.,0.));
#1852 = FACE_BOUND('',#1853,.T.);
#1853 = EDGE_LOOP('',(#1854,#1864,#1872,#1880));
#1854 = ORIENTED_EDGE('',*,*,#1855,.F.);
#1855 = EDGE_CURVE('',#1856,#1858,#1860,.T.);
#1856 = VERTEX_POINT('',#1857);
#1857 = CARTESIAN_POINT('',(139.25,94.75,88.));
#1858 = VERTEX_POINT('',#1859);
#1859 = CARTESIAN_POINT('',(194.75,94.75,88.));
#1860 = LINE('',#1861,#1862);
#1861 = CARTESIAN_POINT('',(22.,94.75,88.));
#1862 = VECTOR('',#1863,1.);
#1863 = DIRECTION('',(1.,0.,-0.));
#1864 = ORIENTED_EDGE('',*,*,#1865,.F.);
#1865 = EDGE_CURVE('',#1866,#1856,#1868,.T.);
#1866 = VERTEX_POINT('',#1867);
#1867 = CARTESIAN_POINT('',(139.25,24.5,88.));
#1868 = LINE('',#1869,#1870);
#1869 = CARTESIAN_POINT('',(139.25,22.,88.));
#1870 = VECTOR('',#1871,1.);
#1871 = DIRECTION('',(-0.,1.,0.));
#1872 = ORIENTED_EDGE('',*,*,#1873,.F.);
#1873 = EDGE_CURVE('',#1874,#1866,#1876,.T.);
#1874 = VERTEX_POINT('',#1875);
#1875 = CARTESIAN_POINT('',(194.75,24.5,88.));
#1876 = LINE('',#1877,#1878);
#1877 = CARTESIAN_POINT('',(83.25,24.5,88.));
#1878 = VECTOR('',#1879,1.);
#1879 = DIRECTION('',(-1.,0.,0.));
#1880 = ORIENTED_EDGE('',*,*,#1881,.T.);
#1881 = EDGE_CURVE('',#1874,#1858,#1882,.T.);
#1882 = LINE('',#1883,#1884);
#1883 = CARTESIAN_POINT('',(194.75,22.,88.));
#1884 = VECTOR('',#1885,1.);
#1885 = DIRECTION('',(-0.,1.,0.));
#1886 = FACE_BOUND('',#1887,.T.);
#1887 = EDGE_LOOP('',(#1888,#1898,#1907,#1915,#1923));
#1888 = ORIENTED_EDGE('',*,*,#1889,.F.);
#1889 = EDGE_CURVE('',#1890,#1892,#1894,.T.);
#1890 = VERTEX_POINT('',#1891);
#1891 = CARTESIAN_POINT('',(24.5,28.5,88.));
#1892 = VERTEX_POINT('',#1893);
#1893 = CARTESIAN_POINT('',(24.5,94.75,88.));
#1894 = LINE('',#1895,#1896);
#1895 = CARTESIAN_POINT('',(24.5,185.25,88.));
#1896 = VECTOR('',#1897,1.);
#1897 = DIRECTION('',(-0.,1.,0.));
#1898 = ORIENTED_EDGE('',*,*,#1899,.F.);
#1899 = EDGE_CURVE('',#1900,#1890,#1902,.T.);
#1900 = VERTEX_POINT('',#1901);
#1901 = CARTESIAN_POINT('',(28.5,24.5,88.));
#1902 = CIRCLE('',#1903,4.);
#1903 = AXIS2_PLACEMENT_3D('',#1904,#1905,#1906);
#1904 = CARTESIAN_POINT('',(28.5,28.5,88.));
#1905 = DIRECTION('',(0.,-0.,-1.));
#1906 = DIRECTION('',(1.,0.,-0.));
#1907 = ORIENTED_EDGE('',*,*,#1908,.F.);
#1908 = EDGE_CURVE('',#1909,#1900,#1911,.T.);
#1909 = VERTEX_POINT('',#1910);
#1910 = CARTESIAN_POINT('',(78.75,24.5,88.));
#1911 = LINE('',#1912,#1913);
#1912 = CARTESIAN_POINT('',(83.25,24.5,88.));
#1913 = VECTOR('',#1914,1.);
#1914 = DIRECTION('',(-1.,0.,0.));
#1915 = ORIENTED_EDGE('',*,*,#1916,.T.);
#1916 = EDGE_CURVE('',#1909,#1917,#1919,.T.);
#1917 = VERTEX_POINT('',#1918);
#1918 = CARTESIAN_POINT('',(78.75,94.75,88.));
#1919 = LINE('',#1920,#1921);
#1920 = CARTESIAN_POINT('',(78.75,22.,88.));
#1921 = VECTOR('',#1922,1.);
#1922 = DIRECTION('',(-0.,1.,0.));
#1923 = ORIENTED_EDGE('',*,*,#1924,.F.);
#1924 = EDGE_CURVE('',#1892,#1917,#1925,.T.);
#1925 = LINE('',#1926,#1927);
#1926 = CARTESIAN_POINT('',(22.,94.75,88.));
#1927 = VECTOR('',#1928,1.);
#1928 = DIRECTION('',(1.,0.,-0.));
#1929 = FACE_BOUND('',#1930,.T.);
#1930 = EDGE_LOOP('',(#1931,#1941,#1950,#1958,#1966));
#1931 = ORIENTED_EDGE('',*,*,#1932,.F.);
#1932 = EDGE_CURVE('',#1933,#1935,#1937,.T.);
#1933 = VERTEX_POINT('',#1934);
#1934 = CARTESIAN_POINT('',(28.5,241.5,88.));
#1935 = VERTEX_POINT('',#1936);
#1936 = CARTESIAN_POINT('',(78.75,241.5,88.));
#1937 = LINE('',#1938,#1939);
#1938 = CARTESIAN_POINT('',(192.75,241.5,88.));
#1939 = VECTOR('',#1940,1.);
#1940 = DIRECTION('',(1.,0.,-0.));
#1941 = ORIENTED_EDGE('',*,*,#1942,.F.);
#1942 = EDGE_CURVE('',#1943,#1933,#1945,.T.);
#1943 = VERTEX_POINT('',#1944);
#1944 = CARTESIAN_POINT('',(24.5,237.5,88.));
#1945 = CIRCLE('',#1946,4.);
#1946 = AXIS2_PLACEMENT_3D('',#1947,#1948,#1949);
#1947 = CARTESIAN_POINT('',(28.5,237.5,88.));
#1948 = DIRECTION('',(0.,-0.,-1.));
#1949 = DIRECTION('',(1.,0.,-0.));
#1950 = ORIENTED_EDGE('',*,*,#1951,.F.);
#1951 = EDGE_CURVE('',#1952,#1943,#1954,.T.);
#1952 = VERTEX_POINT('',#1953);
#1953 = CARTESIAN_POINT('',(24.5,171.25,88.));
#1954 = LINE('',#1955,#1956);
#1955 = CARTESIAN_POINT('',(24.5,185.25,88.));
#1956 = VECTOR('',#1957,1.);
#1957 = DIRECTION('',(-0.,1.,0.));
#1958 = ORIENTED_EDGE('',*,*,#1959,.T.);
#1959 = EDGE_CURVE('',#1952,#1960,#1962,.T.);
#1960 = VERTEX_POINT('',#1961);
#1961 = CARTESIAN_POINT('',(78.75,171.25,88.));
#1962 = LINE('',#1963,#1964);
#1963 = CARTESIAN_POINT('',(22.,171.25,88.));
#1964 = VECTOR('',#1965,1.);
#1965 = DIRECTION('',(1.,0.,-0.));
#1966 = ORIENTED_EDGE('',*,*,#1967,.T.);
#1967 = EDGE_CURVE('',#1960,#1935,#1968,.T.);
#1968 = LINE('',#1969,#1970);
#1969 = CARTESIAN_POINT('',(78.75,22.,88.));
#1970 = VECTOR('',#1971,1.);
#1971 = DIRECTION('',(-0.,1.,0.));
#1972 = FACE_BOUND('',#1973,.T.);
#1973 = EDGE_LOOP('',(#1974,#1984,#1993,#2001,#2009));
#1974 = ORIENTED_EDGE('',*,*,#1975,.F.);
#1975 = EDGE_CURVE('',#1976,#1978,#1980,.T.);
#1976 = VERTEX_POINT('',#1977);
#1977 = CARTESIAN_POINT('',(251.5,237.5,88.));
#1978 = VERTEX_POINT('',#1979);
#1979 = CARTESIAN_POINT('',(251.5,171.25,88.));
#1980 = LINE('',#1981,#1982);
#1981 = CARTESIAN_POINT('',(251.5,80.75,88.));
#1982 = VECTOR('',#1983,1.);
#1983 = DIRECTION('',(0.,-1.,0.));
#1984 = ORIENTED_EDGE('',*,*,#1985,.F.);
#1985 = EDGE_CURVE('',#1986,#1976,#1988,.T.);
#1986 = VERTEX_POINT('',#1987);
#1987 = CARTESIAN_POINT('',(247.5,241.5,88.));
#1988 = CIRCLE('',#1989,4.);
#1989 = AXIS2_PLACEMENT_3D('',#1990,#1991,#1992);
#1990 = CARTESIAN_POINT('',(247.5,237.5,88.));
#1991 = DIRECTION('',(0.,-0.,-1.));
#1992 = DIRECTION('',(1.,0.,-0.));
#1993 = ORIENTED_EDGE('',*,*,#1994,.F.);
#1994 = EDGE_CURVE('',#1995,#1986,#1997,.T.);
#1995 = VERTEX_POINT('',#1996);
#1996 = CARTESIAN_POINT('',(197.25,241.5,88.));
#1997 = LINE('',#1998,#1999);
#1998 = CARTESIAN_POINT('',(192.75,241.5,88.));
#1999 = VECTOR('',#2000,1.);
#2000 = DIRECTION('',(1.,0.,-0.));
#2001 = ORIENTED_EDGE('',*,*,#2002,.F.);
#2002 = EDGE_CURVE('',#2003,#1995,#2005,.T.);
#2003 = VERTEX_POINT('',#2004);
#2004 = CARTESIAN_POINT('',(197.25,171.25,88.));
#2005 = LINE('',#2006,#2007);
#2006 = CARTESIAN_POINT('',(197.25,22.,88.));
#2007 = VECTOR('',#2008,1.);
#2008 = DIRECTION('',(-0.,1.,0.));
#2009 = ORIENTED_EDGE('',*,*,#2010,.T.);
#2010 = EDGE_CURVE('',#2003,#1978,#2011,.T.);
#2011 = LINE('',#2012,#2013);
#2012 = CARTESIAN_POINT('',(22.,171.25,88.));
#2013 = VECTOR('',#2014,1.);
#2014 = DIRECTION('',(1.,0.,-0.));
#2015 = FACE_BOUND('',#2016,.T.);
#2016 = EDGE_LOOP('',(#2017,#2027,#2035,#2043,#2052));
#2017 = ORIENTED_EDGE('',*,*,#2018,.F.);
#2018 = EDGE_CURVE('',#2019,#2021,#2023,.T.);
#2019 = VERTEX_POINT('',#2020);
#2020 = CARTESIAN_POINT('',(197.25,94.75,88.));
#2021 = VERTEX_POINT('',#2022);
#2022 = CARTESIAN_POINT('',(251.5,94.75,88.));
#2023 = LINE('',#2024,#2025);
#2024 = CARTESIAN_POINT('',(22.,94.75,88.));
#2025 = VECTOR('',#2026,1.);
#2026 = DIRECTION('',(1.,0.,-0.));
#2027 = ORIENTED_EDGE('',*,*,#2028,.F.);
#2028 = EDGE_CURVE('',#2029,#2019,#2031,.T.);
#2029 = VERTEX_POINT('',#2030);
#2030 = CARTESIAN_POINT('',(197.25,24.5,88.));
#2031 = LINE('',#2032,#2033);
#2032 = CARTESIAN_POINT('',(197.25,22.,88.));
#2033 = VECTOR('',#2034,1.);
#2034 = DIRECTION('',(-0.,1.,0.));
#2035 = ORIENTED_EDGE('',*,*,#2036,.F.);
#2036 = EDGE_CURVE('',#2037,#2029,#2039,.T.);
#2037 = VERTEX_POINT('',#2038);
#2038 = CARTESIAN_POINT('',(247.5,24.5,88.));
#2039 = LINE('',#2040,#2041);
#2040 = CARTESIAN_POINT('',(83.25,24.5,88.));
#2041 = VECTOR('',#2042,1.);
#2042 = DIRECTION('',(-1.,0.,0.));
#2043 = ORIENTED_EDGE('',*,*,#2044,.F.);
#2044 = EDGE_CURVE('',#2045,#2037,#2047,.T.);
#2045 = VERTEX_POINT('',#2046);
#2046 = CARTESIAN_POINT('',(251.5,28.5,88.));
#2047 = CIRCLE('',#2048,4.);
#2048 = AXIS2_PLACEMENT_3D('',#2049,#2050,#2051);
#2049 = CARTESIAN_POINT('',(247.5,28.5,88.));
#2050 = DIRECTION('',(0.,-0.,-1.));
#2051 = DIRECTION('',(1.,0.,-0.));
#2052 = ORIENTED_EDGE('',*,*,#2053,.F.);
#2053 = EDGE_CURVE('',#2021,#2045,#2054,.T.);
#2054 = LINE('',#2055,#2056);
#2055 = CARTESIAN_POINT('',(251.5,80.75,88.));
#2056 = VECTOR('',#2057,1.);
#2057 = DIRECTION('',(0.,-1.,0.));
#2058 = PLANE('',#2059);
#2059 = AXIS2_PLACEMENT_3D('',#2060,#2061,#2062);
#2060 = CARTESIAN_POINT('',(138.,133.,88.));
#2061 = DIRECTION('',(-0.,-0.,-1.));
#2062 = DIRECTION('',(-1.,0.,0.));
#2063 = ADVANCED_FACE('',(#2064),#2089,.T.);
#2064 = FACE_BOUND('',#2065,.T.);
#2065 = EDGE_LOOP('',(#2066,#2076,#2082,#2083));
#2066 = ORIENTED_EDGE('',*,*,#2067,.F.);
#2067 = EDGE_CURVE('',#2068,#2070,#2072,.T.);
#2068 = VERTEX_POINT('',#2069);
#2069 = CARTESIAN_POINT('',(139.25,97.25,94.));
#2070 = VERTEX_POINT('',#2071);
#2071 = CARTESIAN_POINT('',(139.25,168.75,94.));
#2072 = LINE('',#2073,#2074);
#2073 = CARTESIAN_POINT('',(139.25,77.5,94.));
#2074 = VECTOR('',#2075,1.);
#2075 = DIRECTION('',(-0.,1.,0.));
#2076 = ORIENTED_EDGE('',*,*,#2077,.F.);
#2077 = EDGE_CURVE('',#1628,#2068,#2078,.T.);
#2078 = LINE('',#2079,#2080);
#2079 = CARTESIAN_POINT('',(139.25,97.25,88.));
#2080 = VECTOR('',#2081,1.);
#2081 = DIRECTION('',(0.,0.,1.));
#2082 = ORIENTED_EDGE('',*,*,#1627,.T.);
#2083 = ORIENTED_EDGE('',*,*,#2084,.T.);
#2084 = EDGE_CURVE('',#1618,#2070,#2085,.T.);
#2085 = LINE('',#2086,#2087);
#2086 = CARTESIAN_POINT('',(139.25,168.75,88.));
#2087 = VECTOR('',#2088,1.);
#2088 = DIRECTION('',(0.,0.,1.));
#2089 = PLANE('',#2090);
#2090 = AXIS2_PLACEMENT_3D('',#2091,#2092,#2093);
#2091 = CARTESIAN_POINT('',(139.25,22.,88.));
#2092 = DIRECTION('',(1.,0.,-0.));
#2093 = DIRECTION('',(0.,0.,1.));
#2094 = ADVANCED_FACE('',(#2095),#2113,.T.);
#2095 = FACE_BOUND('',#2096,.T.);
#2096 = EDGE_LOOP('',(#2097,#2098,#2099,#2107));
#2097 = ORIENTED_EDGE('',*,*,#1635,.F.);
#2098 = ORIENTED_EDGE('',*,*,#2077,.T.);
#2099 = ORIENTED_EDGE('',*,*,#2100,.F.);
#2100 = EDGE_CURVE('',#2101,#2068,#2103,.T.);
#2101 = VERTEX_POINT('',#2102);
#2102 = CARTESIAN_POINT('',(194.75,97.25,94.));
#2103 = LINE('',#2104,#2105);
#2104 = CARTESIAN_POINT('',(80.,97.25,94.));
#2105 = VECTOR('',#2106,1.);
#2106 = DIRECTION('',(-1.,-0.,0.));
#2107 = ORIENTED_EDGE('',*,*,#2108,.F.);
#2108 = EDGE_CURVE('',#1636,#2101,#2109,.T.);
#2109 = LINE('',#2110,#2111);
#2110 = CARTESIAN_POINT('',(194.75,97.25,88.));
#2111 = VECTOR('',#2112,1.);
#2112 = DIRECTION('',(0.,0.,1.));
#2113 = PLANE('',#2114);
#2114 = AXIS2_PLACEMENT_3D('',#2115,#2116,#2117);
#2115 = CARTESIAN_POINT('',(22.,97.25,88.));
#2116 = DIRECTION('',(-0.,1.,0.));
#2117 = DIRECTION('',(0.,0.,1.));
#2118 = ADVANCED_FACE('',(#2119),#2137,.F.);
#2119 = FACE_BOUND('',#2120,.F.);
#2120 = EDGE_LOOP('',(#2121,#2129,#2130,#2131));
#2121 = ORIENTED_EDGE('',*,*,#2122,.F.);
#2122 = EDGE_CURVE('',#2101,#2123,#2125,.T.);
#2123 = VERTEX_POINT('',#2124);
#2124 = CARTESIAN_POINT('',(194.75,168.75,94.));
#2125 = LINE('',#2126,#2127);
#2126 = CARTESIAN_POINT('',(194.75,77.5,94.));
#2127 = VECTOR('',#2128,1.);
#2128 = DIRECTION('',(-0.,1.,0.));
#2129 = ORIENTED_EDGE('',*,*,#2108,.F.);
#2130 = ORIENTED_EDGE('',*,*,#1643,.T.);
#2131 = ORIENTED_EDGE('',*,*,#2132,.T.);
#2132 = EDGE_CURVE('',#1620,#2123,#2133,.T.);
#2133 = LINE('',#2134,#2135);
#2134 = CARTESIAN_POINT('',(194.75,168.75,88.));
#2135 = VECTOR('',#2136,1.);
#2136 = DIRECTION('',(0.,0.,1.));
#2137 = PLANE('',#2138);
#2138 = AXIS2_PLACEMENT_3D('',#2139,#2140,#2141);
#2139 = CARTESIAN_POINT('',(194.75,22.,88.));
#2140 = DIRECTION('',(1.,0.,-0.));
#2141 = DIRECTION('',(0.,0.,1.));
#2142 = ADVANCED_FACE('',(#2143),#2154,.F.);
#2143 = FACE_BOUND('',#2144,.F.);
#2144 = EDGE_LOOP('',(#2145,#2146,#2147,#2153));
#2145 = ORIENTED_EDGE('',*,*,#1617,.F.);
#2146 = ORIENTED_EDGE('',*,*,#2084,.T.);
#2147 = ORIENTED_EDGE('',*,*,#2148,.F.);
#2148 = EDGE_CURVE('',#2123,#2070,#2149,.T.);
#2149 = LINE('',#2150,#2151);
#2150 = CARTESIAN_POINT('',(80.,168.75,94.));
#2151 = VECTOR('',#2152,1.);
#2152 = DIRECTION('',(-1.,-0.,0.));
#2153 = ORIENTED_EDGE('',*,*,#2132,.F.);
#2154 = PLANE('',#2155);
#2155 = AXIS2_PLACEMENT_3D('',#2156,#2157,#2158);
#2156 = CARTESIAN_POINT('',(22.,168.75,88.));
#2157 = DIRECTION('',(-0.,1.,0.));
#2158 = DIRECTION('',(0.,0.,1.));
#2159 = ADVANCED_FACE('',(#2160),#2166,.F.);
#2160 = FACE_BOUND('',#2161,.F.);
#2161 = EDGE_LOOP('',(#2162,#2163,#2164,#2165));
#2162 = ORIENTED_EDGE('',*,*,#2067,.F.);
#2163 = ORIENTED_EDGE('',*,*,#2100,.F.);
#2164 = ORIENTED_EDGE('',*,*,#2122,.T.);
#2165 = ORIENTED_EDGE('',*,*,#2148,.T.);
#2166 = PLANE('',#2167);
#2167 = AXIS2_PLACEMENT_3D('',#2168,#2169,#2170);
#2168 = CARTESIAN_POINT('',(138.,133.,94.));
#2169 = DIRECTION('',(0.,0.,1.));
#2170 = DIRECTION('',(1.,0.,-0.));
#2171 = ADVANCED_FACE('',(#2172),#2197,.T.);
#2172 = FACE_BOUND('',#2173,.T.);
#2173 = EDGE_LOOP('',(#2174,#2184,#2190,#2191));
#2174 = ORIENTED_EDGE('',*,*,#2175,.F.);
#2175 = EDGE_CURVE('',#2176,#2178,#2180,.T.);
#2176 = VERTEX_POINT('',#2177);
#2177 = CARTESIAN_POINT('',(81.25,97.25,94.));
#2178 = VERTEX_POINT('',#2179);
#2179 = CARTESIAN_POINT('',(81.25,168.75,94.));
#2180 = LINE('',#2181,#2182);
#2181 = CARTESIAN_POINT('',(81.25,77.5,94.));
#2182 = VECTOR('',#2183,1.);
#2183 = DIRECTION('',(-0.,1.,0.));
#2184 = ORIENTED_EDGE('',*,*,#2185,.F.);
#2185 = EDGE_CURVE('',#1662,#2176,#2186,.T.);
#2186 = LINE('',#2187,#2188);
#2187 = CARTESIAN_POINT('',(81.25,97.25,88.));
#2188 = VECTOR('',#2189,1.);
#2189 = DIRECTION('',(0.,0.,1.));
#2190 = ORIENTED_EDGE('',*,*,#1661,.T.);
#2191 = ORIENTED_EDGE('',*,*,#2192,.T.);
#2192 = EDGE_CURVE('',#1652,#2178,#2193,.T.);
#2193 = LINE('',#2194,#2195);
#2194 = CARTESIAN_POINT('',(81.25,168.75,88.));
#2195 = VECTOR('',#2196,1.);
#2196 = DIRECTION('',(0.,0.,1.));
#2197 = PLANE('',#2198);
#2198 = AXIS2_PLACEMENT_3D('',#2199,#2200,#2201);
#2199 = CARTESIAN_POINT('',(81.25,22.,88.));
#2200 = DIRECTION('',(1.,0.,-0.));
#2201 = DIRECTION('',(0.,0.,1.));
#2202 = ADVANCED_FACE('',(#2203),#2221,.T.);
#2203 = FACE_BOUND('',#2204,.T.);
#2204 = EDGE_LOOP('',(#2205,#2206,#2207,#2215));
#2205 = ORIENTED_EDGE('',*,*,#1669,.F.);
#2206 = ORIENTED_EDGE('',*,*,#2185,.T.);
#2207 = ORIENTED_EDGE('',*,*,#2208,.F.);
#2208 = EDGE_CURVE('',#2209,#2176,#2211,.T.);
#2209 = VERTEX_POINT('',#2210);
#2210 = CARTESIAN_POINT('',(136.75,97.25,94.));
#2211 = LINE('',#2212,#2213);
#2212 = CARTESIAN_POINT('',(80.,97.25,94.));
#2213 = VECTOR('',#2214,1.);
#2214 = DIRECTION('',(-1.,-0.,0.));
#2215 = ORIENTED_EDGE('',*,*,#2216,.F.);
#2216 = EDGE_CURVE('',#1670,#2209,#2217,.T.);
#2217 = LINE('',#2218,#2219);
#2218 = CARTESIAN_POINT('',(136.75,97.25,88.));
#2219 = VECTOR('',#2220,1.);
#2220 = DIRECTION('',(0.,0.,1.));
#2221 = PLANE('',#2222);
#2222 = AXIS2_PLACEMENT_3D('',#2223,#2224,#2225);
#2223 = CARTESIAN_POINT('',(22.,97.25,88.));
#2224 = DIRECTION('',(-0.,1.,0.));
#2225 = DIRECTION('',(0.,0.,1.));
#2226 = ADVANCED_FACE('',(#2227),#2245,.F.);
#2227 = FACE_BOUND('',#2228,.F.);
#2228 = EDGE_LOOP('',(#2229,#2237,#2238,#2239));
#2229 = ORIENTED_EDGE('',*,*,#2230,.F.);
#2230 = EDGE_CURVE('',#2209,#2231,#2233,.T.);
#2231 = VERTEX_POINT('',#2232);
#2232 = CARTESIAN_POINT('',(136.75,168.75,94.));
#2233 = LINE('',#2234,#2235);
#2234 = CARTESIAN_POINT('',(136.75,77.5,94.));
#2235 = VECTOR('',#2236,1.);
#2236 = DIRECTION('',(-0.,1.,0.));
#2237 = ORIENTED_EDGE('',*,*,#2216,.F.);
#2238 = ORIENTED_EDGE('',*,*,#1677,.T.);
#2239 = ORIENTED_EDGE('',*,*,#2240,.T.);
#2240 = EDGE_CURVE('',#1654,#2231,#2241,.T.);
#2241 = LINE('',#2242,#2243);
#2242 = CARTESIAN_POINT('',(136.75,168.75,88.));
#2243 = VECTOR('',#2244,1.);
#2244 = DIRECTION('',(0.,0.,1.));
#2245 = PLANE('',#2246);
#2246 = AXIS2_PLACEMENT_3D('',#2247,#2248,#2249);
#2247 = CARTESIAN_POINT('',(136.75,22.,88.));
#2248 = DIRECTION('',(1.,0.,-0.));
#2249 = DIRECTION('',(0.,0.,1.));
#2250 = ADVANCED_FACE('',(#2251),#2262,.F.);
#2251 = FACE_BOUND('',#2252,.F.);
#2252 = EDGE_LOOP('',(#2253,#2254,#2255,#2261));
#2253 = ORIENTED_EDGE('',*,*,#1651,.F.);
#2254 = ORIENTED_EDGE('',*,*,#2192,.T.);
#2255 = ORIENTED_EDGE('',*,*,#2256,.F.);
#2256 = EDGE_CURVE('',#2231,#2178,#2257,.T.);
#2257 = LINE('',#2258,#2259);
#2258 = CARTESIAN_POINT('',(80.,168.75,94.));
#2259 = VECTOR('',#2260,1.);
#2260 = DIRECTION('',(-1.,-0.,0.));
#2261 = ORIENTED_EDGE('',*,*,#2240,.F.);
#2262 = PLANE('',#2263);
#2263 = AXIS2_PLACEMENT_3D('',#2264,#2265,#2266);
#2264 = CARTESIAN_POINT('',(22.,168.75,88.));
#2265 = DIRECTION('',(-0.,1.,0.));
#2266 = DIRECTION('',(0.,0.,1.));
#2267 = ADVANCED_FACE('',(#2268),#2274,.F.);
#2268 = FACE_BOUND('',#2269,.F.);
#2269 = EDGE_LOOP('',(#2270,#2271,#2272,#2273));
#2270 = ORIENTED_EDGE('',*,*,#2175,.F.);
#2271 = ORIENTED_EDGE('',*,*,#2208,.F.);
#2272 = ORIENTED_EDGE('',*,*,#2230,.T.);
#2273 = ORIENTED_EDGE('',*,*,#2256,.T.);
#2274 = PLANE('',#2275);
#2275 = AXIS2_PLACEMENT_3D('',#2276,#2277,#2278);
#2276 = CARTESIAN_POINT('',(138.,133.,94.));
#2277 = DIRECTION('',(0.,0.,1.));
#2278 = DIRECTION('',(1.,0.,-0.));
#2279 = ADVANCED_FACE('',(#2280),#2305,.T.);
#2280 = FACE_BOUND('',#2281,.T.);
#2281 = EDGE_LOOP('',(#2282,#2290,#2291,#2299));
#2282 = ORIENTED_EDGE('',*,*,#2283,.F.);
#2283 = EDGE_CURVE('',#1686,#2284,#2286,.T.);
#2284 = VERTEX_POINT('',#2285);
#2285 = CARTESIAN_POINT('',(24.5,97.25,94.));
#2286 = LINE('',#2287,#2288);
#2287 = CARTESIAN_POINT('',(24.5,97.25,87.5));
#2288 = VECTOR('',#2289,1.);
#2289 = DIRECTION('',(0.,0.,1.));
#2290 = ORIENTED_EDGE('',*,*,#1685,.T.);
#2291 = ORIENTED_EDGE('',*,*,#2292,.T.);
#2292 = EDGE_CURVE('',#1688,#2293,#2295,.T.);
#2293 = VERTEX_POINT('',#2294);
#2294 = CARTESIAN_POINT('',(24.5,168.75,94.));
#2295 = LINE('',#2296,#2297);
#2296 = CARTESIAN_POINT('',(24.5,168.75,87.5));
#2297 = VECTOR('',#2298,1.);
#2298 = DIRECTION('',(0.,0.,1.));
#2299 = ORIENTED_EDGE('',*,*,#2300,.F.);
#2300 = EDGE_CURVE('',#2284,#2293,#2301,.T.);
#2301 = LINE('',#2302,#2303);
#2302 = CARTESIAN_POINT('',(24.5,185.25,94.));
#2303 = VECTOR('',#2304,1.);
#2304 = DIRECTION('',(-0.,1.,0.));
#2305 = PLANE('',#2306);
#2306 = AXIS2_PLACEMENT_3D('',#2307,#2308,#2309);
#2307 = CARTESIAN_POINT('',(24.5,237.5,87.));
#2308 = DIRECTION('',(1.,0.,-0.));
#2309 = DIRECTION('',(0.,-1.,0.));
#2310 = ADVANCED_FACE('',(#2311),#2329,.T.);
#2311 = FACE_BOUND('',#2312,.T.);
#2312 = EDGE_LOOP('',(#2313,#2314,#2315,#2323));
#2313 = ORIENTED_EDGE('',*,*,#1695,.F.);
#2314 = ORIENTED_EDGE('',*,*,#2283,.T.);
#2315 = ORIENTED_EDGE('',*,*,#2316,.F.);
#2316 = EDGE_CURVE('',#2317,#2284,#2319,.T.);
#2317 = VERTEX_POINT('',#2318);
#2318 = CARTESIAN_POINT('',(78.75,97.25,94.));
#2319 = LINE('',#2320,#2321);
#2320 = CARTESIAN_POINT('',(80.,97.25,94.));
#2321 = VECTOR('',#2322,1.);
#2322 = DIRECTION('',(-1.,-0.,0.));
#2323 = ORIENTED_EDGE('',*,*,#2324,.F.);
#2324 = EDGE_CURVE('',#1696,#2317,#2325,.T.);
#2325 = LINE('',#2326,#2327);
#2326 = CARTESIAN_POINT('',(78.75,97.25,88.));
#2327 = VECTOR('',#2328,1.);
#2328 = DIRECTION('',(0.,0.,1.));
#2329 = PLANE('',#2330);
#2330 = AXIS2_PLACEMENT_3D('',#2331,#2332,#2333);
#2331 = CARTESIAN_POINT('',(22.,97.25,88.));
#2332 = DIRECTION('',(-0.,1.,0.));
#2333 = DIRECTION('',(0.,0.,1.));
#2334 = ADVANCED_FACE('',(#2335),#2353,.F.);
#2335 = FACE_BOUND('',#2336,.F.);
#2336 = EDGE_LOOP('',(#2337,#2338,#2339,#2347));
#2337 = ORIENTED_EDGE('',*,*,#2300,.F.);
#2338 = ORIENTED_EDGE('',*,*,#2316,.F.);
#2339 = ORIENTED_EDGE('',*,*,#2340,.T.);
#2340 = EDGE_CURVE('',#2317,#2341,#2343,.T.);
#2341 = VERTEX_POINT('',#2342);
#2342 = CARTESIAN_POINT('',(78.75,168.75,94.));
#2343 = LINE('',#2344,#2345);
#2344 = CARTESIAN_POINT('',(78.75,77.5,94.));
#2345 = VECTOR('',#2346,1.);
#2346 = DIRECTION('',(-0.,1.,0.));
#2347 = ORIENTED_EDGE('',*,*,#2348,.T.);
#2348 = EDGE_CURVE('',#2341,#2293,#2349,.T.);
#2349 = LINE('',#2350,#2351);
#2350 = CARTESIAN_POINT('',(80.,168.75,94.));
#2351 = VECTOR('',#2352,1.);
#2352 = DIRECTION('',(-1.,-0.,0.));
#2353 = PLANE('',#2354);
#2354 = AXIS2_PLACEMENT_3D('',#2355,#2356,#2357);
#2355 = CARTESIAN_POINT('',(138.,133.,94.));
#2356 = DIRECTION('',(0.,0.,1.));
#2357 = DIRECTION('',(1.,0.,-0.));
#2358 = ADVANCED_FACE('',(#2359),#2370,.F.);
#2359 = FACE_BOUND('',#2360,.F.);
#2360 = EDGE_LOOP('',(#2361,#2362,#2363,#2364));
#2361 = ORIENTED_EDGE('',*,*,#1711,.F.);
#2362 = ORIENTED_EDGE('',*,*,#2292,.T.);
#2363 = ORIENTED_EDGE('',*,*,#2348,.F.);
#2364 = ORIENTED_EDGE('',*,*,#2365,.F.);
#2365 = EDGE_CURVE('',#1704,#2341,#2366,.T.);
#2366 = LINE('',#2367,#2368);
#2367 = CARTESIAN_POINT('',(78.75,168.75,88.));
#2368 = VECTOR('',#2369,1.);
#2369 = DIRECTION('',(0.,0.,1.));
#2370 = PLANE('',#2371);
#2371 = AXIS2_PLACEMENT_3D('',#2372,#2373,#2374);
#2372 = CARTESIAN_POINT('',(22.,168.75,88.));
#2373 = DIRECTION('',(-0.,1.,0.));
#2374 = DIRECTION('',(0.,0.,1.));
#2375 = ADVANCED_FACE('',(#2376),#2382,.F.);
#2376 = FACE_BOUND('',#2377,.F.);
#2377 = EDGE_LOOP('',(#2378,#2379,#2380,#2381));
#2378 = ORIENTED_EDGE('',*,*,#2340,.F.);
#2379 = ORIENTED_EDGE('',*,*,#2324,.F.);
#2380 = ORIENTED_EDGE('',*,*,#1703,.T.);
#2381 = ORIENTED_EDGE('',*,*,#2365,.T.);
#2382 = PLANE('',#2383);
#2383 = AXIS2_PLACEMENT_3D('',#2384,#2385,#2386);
#2384 = CARTESIAN_POINT('',(78.75,22.,88.));
#2385 = DIRECTION('',(1.,0.,-0.));
#2386 = DIRECTION('',(0.,0.,1.));
#2387 = ADVANCED_FACE('',(#2388),#2413,.T.);
#2388 = FACE_BOUND('',#2389,.T.);
#2389 = EDGE_LOOP('',(#2390,#2400,#2406,#2407));
#2390 = ORIENTED_EDGE('',*,*,#2391,.F.);
#2391 = EDGE_CURVE('',#2392,#2394,#2396,.T.);
#2392 = VERTEX_POINT('',#2393);
#2393 = CARTESIAN_POINT('',(251.5,168.75,94.));
#2394 = VERTEX_POINT('',#2395);
#2395 = CARTESIAN_POINT('',(251.5,97.25,94.));
#2396 = LINE('',#2397,#2398);
#2397 = CARTESIAN_POINT('',(251.5,80.75,94.));
#2398 = VECTOR('',#2399,1.);
#2399 = DIRECTION('',(0.,-1.,0.));
#2400 = ORIENTED_EDGE('',*,*,#2401,.T.);
#2401 = EDGE_CURVE('',#2392,#1722,#2402,.T.);
#2402 = LINE('',#2403,#2404);
#2403 = CARTESIAN_POINT('',(251.5,168.75,87.5));
#2404 = VECTOR('',#2405,1.);
#2405 = DIRECTION('',(0.,0.,-1.));
#2406 = ORIENTED_EDGE('',*,*,#1745,.T.);
#2407 = ORIENTED_EDGE('',*,*,#2408,.F.);
#2408 = EDGE_CURVE('',#2394,#1738,#2409,.T.);
#2409 = LINE('',#2410,#2411);
#2410 = CARTESIAN_POINT('',(251.5,97.25,87.5));
#2411 = VECTOR('',#2412,1.);
#2412 = DIRECTION('',(0.,0.,-1.));
#2413 = PLANE('',#2414);
#2414 = AXIS2_PLACEMENT_3D('',#2415,#2416,#2417);
#2415 = CARTESIAN_POINT('',(251.5,28.5,87.));
#2416 = DIRECTION('',(-1.,0.,0.));
#2417 = DIRECTION('',(0.,1.,0.));
#2418 = ADVANCED_FACE('',(#2419),#2437,.T.);
#2419 = FACE_BOUND('',#2420,.T.);
#2420 = EDGE_LOOP('',(#2421,#2422,#2430,#2436));
#2421 = ORIENTED_EDGE('',*,*,#1737,.F.);
#2422 = ORIENTED_EDGE('',*,*,#2423,.T.);
#2423 = EDGE_CURVE('',#1730,#2424,#2426,.T.);
#2424 = VERTEX_POINT('',#2425);
#2425 = CARTESIAN_POINT('',(197.25,97.25,94.));
#2426 = LINE('',#2427,#2428);
#2427 = CARTESIAN_POINT('',(197.25,97.25,88.));
#2428 = VECTOR('',#2429,1.);
#2429 = DIRECTION('',(0.,0.,1.));
#2430 = ORIENTED_EDGE('',*,*,#2431,.F.);
#2431 = EDGE_CURVE('',#2394,#2424,#2432,.T.);
#2432 = LINE('',#2433,#2434);
#2433 = CARTESIAN_POINT('',(80.,97.25,94.));
#2434 = VECTOR('',#2435,1.);
#2435 = DIRECTION('',(-1.,-0.,0.));
#2436 = ORIENTED_EDGE('',*,*,#2408,.T.);
#2437 = PLANE('',#2438);
#2438 = AXIS2_PLACEMENT_3D('',#2439,#2440,#2441);
#2439 = CARTESIAN_POINT('',(22.,97.25,88.));
#2440 = DIRECTION('',(-0.,1.,0.));
#2441 = DIRECTION('',(0.,0.,1.));
#2442 = ADVANCED_FACE('',(#2443),#2461,.F.);
#2443 = FACE_BOUND('',#2444,.F.);
#2444 = EDGE_LOOP('',(#2445,#2453,#2454,#2455));
#2445 = ORIENTED_EDGE('',*,*,#2446,.F.);
#2446 = EDGE_CURVE('',#2424,#2447,#2449,.T.);
#2447 = VERTEX_POINT('',#2448);
#2448 = CARTESIAN_POINT('',(197.25,168.75,94.));
#2449 = LINE('',#2450,#2451);
#2450 = CARTESIAN_POINT('',(197.25,77.5,94.));
#2451 = VECTOR('',#2452,1.);
#2452 = DIRECTION('',(-0.,1.,0.));
#2453 = ORIENTED_EDGE('',*,*,#2431,.F.);
#2454 = ORIENTED_EDGE('',*,*,#2391,.F.);
#2455 = ORIENTED_EDGE('',*,*,#2456,.T.);
#2456 = EDGE_CURVE('',#2392,#2447,#2457,.T.);
#2457 = LINE('',#2458,#2459);
#2458 = CARTESIAN_POINT('',(80.,168.75,94.));
#2459 = VECTOR('',#2460,1.);
#2460 = DIRECTION('',(-1.,-0.,0.));
#2461 = PLANE('',#2462);
#2462 = AXIS2_PLACEMENT_3D('',#2463,#2464,#2465);
#2463 = CARTESIAN_POINT('',(138.,133.,94.));
#2464 = DIRECTION('',(0.,0.,1.));
#2465 = DIRECTION('',(1.,0.,-0.));
#2466 = ADVANCED_FACE('',(#2467),#2478,.F.);
#2467 = FACE_BOUND('',#2468,.F.);
#2468 = EDGE_LOOP('',(#2469,#2470,#2476,#2477));
#2469 = ORIENTED_EDGE('',*,*,#1719,.F.);
#2470 = ORIENTED_EDGE('',*,*,#2471,.T.);
#2471 = EDGE_CURVE('',#1720,#2447,#2472,.T.);
#2472 = LINE('',#2473,#2474);
#2473 = CARTESIAN_POINT('',(197.25,168.75,88.));
#2474 = VECTOR('',#2475,1.);
#2475 = DIRECTION('',(0.,0.,1.));
#2476 = ORIENTED_EDGE('',*,*,#2456,.F.);
#2477 = ORIENTED_EDGE('',*,*,#2401,.T.);
#2478 = PLANE('',#2479);
#2479 = AXIS2_PLACEMENT_3D('',#2480,#2481,#2482);
#2480 = CARTESIAN_POINT('',(22.,168.75,88.));
#2481 = DIRECTION('',(-0.,1.,0.));
#2482 = DIRECTION('',(0.,0.,1.));
#2483 = ADVANCED_FACE('',(#2484),#2490,.T.);
#2484 = FACE_BOUND('',#2485,.T.);
#2485 = EDGE_LOOP('',(#2486,#2487,#2488,#2489));
#2486 = ORIENTED_EDGE('',*,*,#2446,.F.);
#2487 = ORIENTED_EDGE('',*,*,#2423,.F.);
#2488 = ORIENTED_EDGE('',*,*,#1729,.T.);
#2489 = ORIENTED_EDGE('',*,*,#2471,.T.);
#2490 = PLANE('',#2491);
#2491 = AXIS2_PLACEMENT_3D('',#2492,#2493,#2494);
#2492 = CARTESIAN_POINT('',(197.25,22.,88.));
#2493 = DIRECTION('',(1.,0.,-0.));
#2494 = DIRECTION('',(0.,0.,1.));
#2495 = ADVANCED_FACE('',(#2496),#2521,.T.);
#2496 = FACE_BOUND('',#2497,.T.);
#2497 = EDGE_LOOP('',(#2498,#2506,#2507,#2515));
#2498 = ORIENTED_EDGE('',*,*,#2499,.F.);
#2499 = EDGE_CURVE('',#1754,#2500,#2502,.T.);
#2500 = VERTEX_POINT('',#2501);
#2501 = CARTESIAN_POINT('',(81.25,241.5,94.));
#2502 = LINE('',#2503,#2504);
#2503 = CARTESIAN_POINT('',(81.25,241.5,87.5));
#2504 = VECTOR('',#2505,1.);
#2505 = DIRECTION('',(0.,0.,1.));
#2506 = ORIENTED_EDGE('',*,*,#1753,.T.);
#2507 = ORIENTED_EDGE('',*,*,#2508,.T.);
#2508 = EDGE_CURVE('',#1756,#2509,#2511,.T.);
#2509 = VERTEX_POINT('',#2510);
#2510 = CARTESIAN_POINT('',(136.75,241.5,94.));
#2511 = LINE('',#2512,#2513);
#2512 = CARTESIAN_POINT('',(136.75,241.5,87.5));
#2513 = VECTOR('',#2514,1.);
#2514 = DIRECTION('',(0.,0.,1.));
#2515 = ORIENTED_EDGE('',*,*,#2516,.F.);
#2516 = EDGE_CURVE('',#2500,#2509,#2517,.T.);
#2517 = LINE('',#2518,#2519);
#2518 = CARTESIAN_POINT('',(192.75,241.5,94.));
#2519 = VECTOR('',#2520,1.);
#2520 = DIRECTION('',(1.,0.,-0.));
#2521 = PLANE('',#2522);
#2522 = AXIS2_PLACEMENT_3D('',#2523,#2524,#2525);
#2523 = CARTESIAN_POINT('',(247.5,241.5,87.));
#2524 = DIRECTION('',(0.,-1.,0.));
#2525 = DIRECTION('',(-1.,0.,0.));
#2526 = ADVANCED_FACE('',(#2527),#2545,.T.);
#2527 = FACE_BOUND('',#2528,.T.);
#2528 = EDGE_LOOP('',(#2529,#2537,#2543,#2544));
#2529 = ORIENTED_EDGE('',*,*,#2530,.F.);
#2530 = EDGE_CURVE('',#2531,#2500,#2533,.T.);
#2531 = VERTEX_POINT('',#2532);
#2532 = CARTESIAN_POINT('',(81.25,171.25,94.));
#2533 = LINE('',#2534,#2535);
#2534 = CARTESIAN_POINT('',(81.25,77.5,94.));
#2535 = VECTOR('',#2536,1.);
#2536 = DIRECTION('',(-0.,1.,0.));
#2537 = ORIENTED_EDGE('',*,*,#2538,.F.);
#2538 = EDGE_CURVE('',#1764,#2531,#2539,.T.);
#2539 = LINE('',#2540,#2541);
#2540 = CARTESIAN_POINT('',(81.25,171.25,88.));
#2541 = VECTOR('',#2542,1.);
#2542 = DIRECTION('',(0.,0.,1.));
#2543 = ORIENTED_EDGE('',*,*,#1763,.T.);
#2544 = ORIENTED_EDGE('',*,*,#2499,.T.);
#2545 = PLANE('',#2546);
#2546 = AXIS2_PLACEMENT_3D('',#2547,#2548,#2549);
#2547 = CARTESIAN_POINT('',(81.25,22.,88.));
#2548 = DIRECTION('',(1.,0.,-0.));
#2549 = DIRECTION('',(0.,0.,1.));
#2550 = ADVANCED_FACE('',(#2551),#2569,.F.);
#2551 = FACE_BOUND('',#2552,.F.);
#2552 = EDGE_LOOP('',(#2553,#2554,#2555,#2563));
#2553 = ORIENTED_EDGE('',*,*,#2516,.F.);
#2554 = ORIENTED_EDGE('',*,*,#2530,.F.);
#2555 = ORIENTED_EDGE('',*,*,#2556,.F.);
#2556 = EDGE_CURVE('',#2557,#2531,#2559,.T.);
#2557 = VERTEX_POINT('',#2558);
#2558 = CARTESIAN_POINT('',(136.75,171.25,94.));
#2559 = LINE('',#2560,#2561);
#2560 = CARTESIAN_POINT('',(80.,171.25,94.));
#2561 = VECTOR('',#2562,1.);
#2562 = DIRECTION('',(-1.,-0.,0.));
#2563 = ORIENTED_EDGE('',*,*,#2564,.T.);
#2564 = EDGE_CURVE('',#2557,#2509,#2565,.T.);
#2565 = LINE('',#2566,#2567);
#2566 = CARTESIAN_POINT('',(136.75,77.5,94.));
#2567 = VECTOR('',#2568,1.);
#2568 = DIRECTION('',(-0.,1.,0.));
#2569 = PLANE('',#2570);
#2570 = AXIS2_PLACEMENT_3D('',#2571,#2572,#2573);
#2571 = CARTESIAN_POINT('',(138.,133.,94.));
#2572 = DIRECTION('',(0.,0.,1.));
#2573 = DIRECTION('',(1.,0.,-0.));
#2574 = ADVANCED_FACE('',(#2575),#2586,.F.);
#2575 = FACE_BOUND('',#2576,.F.);
#2576 = EDGE_LOOP('',(#2577,#2578,#2584,#2585));
#2577 = ORIENTED_EDGE('',*,*,#2564,.F.);
#2578 = ORIENTED_EDGE('',*,*,#2579,.F.);
#2579 = EDGE_CURVE('',#1772,#2557,#2580,.T.);
#2580 = LINE('',#2581,#2582);
#2581 = CARTESIAN_POINT('',(136.75,171.25,88.));
#2582 = VECTOR('',#2583,1.);
#2583 = DIRECTION('',(0.,0.,1.));
#2584 = ORIENTED_EDGE('',*,*,#1779,.T.);
#2585 = ORIENTED_EDGE('',*,*,#2508,.T.);
#2586 = PLANE('',#2587);
#2587 = AXIS2_PLACEMENT_3D('',#2588,#2589,#2590);
#2588 = CARTESIAN_POINT('',(136.75,22.,88.));
#2589 = DIRECTION('',(1.,0.,-0.));
#2590 = DIRECTION('',(0.,0.,1.));
#2591 = ADVANCED_FACE('',(#2592),#2598,.T.);
#2592 = FACE_BOUND('',#2593,.T.);
#2593 = EDGE_LOOP('',(#2594,#2595,#2596,#2597));
#2594 = ORIENTED_EDGE('',*,*,#1771,.F.);
#2595 = ORIENTED_EDGE('',*,*,#2538,.T.);
#2596 = ORIENTED_EDGE('',*,*,#2556,.F.);
#2597 = ORIENTED_EDGE('',*,*,#2579,.F.);
#2598 = PLANE('',#2599);
#2599 = AXIS2_PLACEMENT_3D('',#2600,#2601,#2602);
#2600 = CARTESIAN_POINT('',(22.,171.25,88.));
#2601 = DIRECTION('',(-0.,1.,0.));
#2602 = DIRECTION('',(0.,0.,1.));
#2603 = ADVANCED_FACE('',(#2604),#2629,.T.);
#2604 = FACE_BOUND('',#2605,.T.);
#2605 = EDGE_LOOP('',(#2606,#2614,#2615,#2623));
#2606 = ORIENTED_EDGE('',*,*,#2607,.F.);
#2607 = EDGE_CURVE('',#1788,#2608,#2610,.T.);
#2608 = VERTEX_POINT('',#2609);
#2609 = CARTESIAN_POINT('',(139.25,241.5,94.));
#2610 = LINE('',#2611,#2612);
#2611 = CARTESIAN_POINT('',(139.25,241.5,87.5));
#2612 = VECTOR('',#2613,1.);
#2613 = DIRECTION('',(0.,0.,1.));
#2614 = ORIENTED_EDGE('',*,*,#1787,.T.);
#2615 = ORIENTED_EDGE('',*,*,#2616,.T.);
#2616 = EDGE_CURVE('',#1790,#2617,#2619,.T.);
#2617 = VERTEX_POINT('',#2618);
#2618 = CARTESIAN_POINT('',(194.75,241.5,94.));
#2619 = LINE('',#2620,#2621);
#2620 = CARTESIAN_POINT('',(194.75,241.5,87.5));
#2621 = VECTOR('',#2622,1.);
#2622 = DIRECTION('',(0.,0.,1.));
#2623 = ORIENTED_EDGE('',*,*,#2624,.F.);
#2624 = EDGE_CURVE('',#2608,#2617,#2625,.T.);
#2625 = LINE('',#2626,#2627);
#2626 = CARTESIAN_POINT('',(192.75,241.5,94.));
#2627 = VECTOR('',#2628,1.);
#2628 = DIRECTION('',(1.,0.,-0.));
#2629 = PLANE('',#2630);
#2630 = AXIS2_PLACEMENT_3D('',#2631,#2632,#2633);
#2631 = CARTESIAN_POINT('',(247.5,241.5,87.));
#2632 = DIRECTION('',(0.,-1.,0.));
#2633 = DIRECTION('',(-1.,0.,0.));
#2634 = ADVANCED_FACE('',(#2635),#2653,.T.);
#2635 = FACE_BOUND('',#2636,.T.);
#2636 = EDGE_LOOP('',(#2637,#2645,#2651,#2652));
#2637 = ORIENTED_EDGE('',*,*,#2638,.F.);
#2638 = EDGE_CURVE('',#2639,#2608,#2641,.T.);
#2639 = VERTEX_POINT('',#2640);
#2640 = CARTESIAN_POINT('',(139.25,171.25,94.));
#2641 = LINE('',#2642,#2643);
#2642 = CARTESIAN_POINT('',(139.25,77.5,94.));
#2643 = VECTOR('',#2644,1.);
#2644 = DIRECTION('',(-0.,1.,0.));
#2645 = ORIENTED_EDGE('',*,*,#2646,.F.);
#2646 = EDGE_CURVE('',#1798,#2639,#2647,.T.);
#2647 = LINE('',#2648,#2649);
#2648 = CARTESIAN_POINT('',(139.25,171.25,88.));
#2649 = VECTOR('',#2650,1.);
#2650 = DIRECTION('',(0.,0.,1.));
#2651 = ORIENTED_EDGE('',*,*,#1797,.T.);
#2652 = ORIENTED_EDGE('',*,*,#2607,.T.);
#2653 = PLANE('',#2654);
#2654 = AXIS2_PLACEMENT_3D('',#2655,#2656,#2657);
#2655 = CARTESIAN_POINT('',(139.25,22.,88.));
#2656 = DIRECTION('',(1.,0.,-0.));
#2657 = DIRECTION('',(0.,0.,1.));
#2658 = ADVANCED_FACE('',(#2659),#2677,.F.);
#2659 = FACE_BOUND('',#2660,.F.);
#2660 = EDGE_LOOP('',(#2661,#2662,#2663,#2671));
#2661 = ORIENTED_EDGE('',*,*,#2624,.F.);
#2662 = ORIENTED_EDGE('',*,*,#2638,.F.);
#2663 = ORIENTED_EDGE('',*,*,#2664,.F.);
#2664 = EDGE_CURVE('',#2665,#2639,#2667,.T.);
#2665 = VERTEX_POINT('',#2666);
#2666 = CARTESIAN_POINT('',(194.75,171.25,94.));
#2667 = LINE('',#2668,#2669);
#2668 = CARTESIAN_POINT('',(80.,171.25,94.));
#2669 = VECTOR('',#2670,1.);
#2670 = DIRECTION('',(-1.,-0.,0.));
#2671 = ORIENTED_EDGE('',*,*,#2672,.T.);
#2672 = EDGE_CURVE('',#2665,#2617,#2673,.T.);
#2673 = LINE('',#2674,#2675);
#2674 = CARTESIAN_POINT('',(194.75,77.5,94.));
#2675 = VECTOR('',#2676,1.);
#2676 = DIRECTION('',(-0.,1.,0.));
#2677 = PLANE('',#2678);
#2678 = AXIS2_PLACEMENT_3D('',#2679,#2680,#2681);
#2679 = CARTESIAN_POINT('',(138.,133.,94.));
#2680 = DIRECTION('',(0.,0.,1.));
#2681 = DIRECTION('',(1.,0.,-0.));
#2682 = ADVANCED_FACE('',(#2683),#2694,.F.);
#2683 = FACE_BOUND('',#2684,.F.);
#2684 = EDGE_LOOP('',(#2685,#2686,#2692,#2693));
#2685 = ORIENTED_EDGE('',*,*,#2672,.F.);
#2686 = ORIENTED_EDGE('',*,*,#2687,.F.);
#2687 = EDGE_CURVE('',#1806,#2665,#2688,.T.);
#2688 = LINE('',#2689,#2690);
#2689 = CARTESIAN_POINT('',(194.75,171.25,88.));
#2690 = VECTOR('',#2691,1.);
#2691 = DIRECTION('',(0.,0.,1.));
#2692 = ORIENTED_EDGE('',*,*,#1813,.T.);
#2693 = ORIENTED_EDGE('',*,*,#2616,.T.);
#2694 = PLANE('',#2695);
#2695 = AXIS2_PLACEMENT_3D('',#2696,#2697,#2698);
#2696 = CARTESIAN_POINT('',(194.75,22.,88.));
#2697 = DIRECTION('',(1.,0.,-0.));
#2698 = DIRECTION('',(0.,0.,1.));
#2699 = ADVANCED_FACE('',(#2700),#2706,.T.);
#2700 = FACE_BOUND('',#2701,.T.);
#2701 = EDGE_LOOP('',(#2702,#2703,#2704,#2705));
#2702 = ORIENTED_EDGE('',*,*,#1805,.F.);
#2703 = ORIENTED_EDGE('',*,*,#2646,.T.);
#2704 = ORIENTED_EDGE('',*,*,#2664,.F.);
#2705 = ORIENTED_EDGE('',*,*,#2687,.F.);
#2706 = PLANE('',#2707);
#2707 = AXIS2_PLACEMENT_3D('',#2708,#2709,#2710);
#2708 = CARTESIAN_POINT('',(22.,171.25,88.));
#2709 = DIRECTION('',(-0.,1.,0.));
#2710 = DIRECTION('',(0.,0.,1.));
#2711 = ADVANCED_FACE('',(#2712),#2737,.T.);
#2712 = FACE_BOUND('',#2713,.T.);
#2713 = EDGE_LOOP('',(#2714,#2724,#2730,#2731));
#2714 = ORIENTED_EDGE('',*,*,#2715,.F.);
#2715 = EDGE_CURVE('',#2716,#2718,#2720,.T.);
#2716 = VERTEX_POINT('',#2717);
#2717 = CARTESIAN_POINT('',(136.75,24.5,94.));
#2718 = VERTEX_POINT('',#2719);
#2719 = CARTESIAN_POINT('',(81.25,24.5,94.));
#2720 = LINE('',#2721,#2722);
#2721 = CARTESIAN_POINT('',(83.25,24.5,94.));
#2722 = VECTOR('',#2723,1.);
#2723 = DIRECTION('',(-1.,0.,0.));
#2724 = ORIENTED_EDGE('',*,*,#2725,.T.);
#2725 = EDGE_CURVE('',#2716,#1840,#2726,.T.);
#2726 = LINE('',#2727,#2728);
#2727 = CARTESIAN_POINT('',(136.75,24.5,87.5));
#2728 = VECTOR('',#2729,1.);
#2729 = DIRECTION('',(-0.,0.,-1.));
#2730 = ORIENTED_EDGE('',*,*,#1839,.T.);
#2731 = ORIENTED_EDGE('',*,*,#2732,.F.);
#2732 = EDGE_CURVE('',#2718,#1832,#2733,.T.);
#2733 = LINE('',#2734,#2735);
#2734 = CARTESIAN_POINT('',(81.25,24.5,87.5));
#2735 = VECTOR('',#2736,1.);
#2736 = DIRECTION('',(-0.,0.,-1.));
#2737 = PLANE('',#2738);
#2738 = AXIS2_PLACEMENT_3D('',#2739,#2740,#2741);
#2739 = CARTESIAN_POINT('',(28.5,24.5,87.));
#2740 = DIRECTION('',(0.,1.,0.));
#2741 = DIRECTION('',(1.,0.,0.));
#2742 = ADVANCED_FACE('',(#2743),#2761,.T.);
#2743 = FACE_BOUND('',#2744,.T.);
#2744 = EDGE_LOOP('',(#2745,#2753,#2754,#2755));
#2745 = ORIENTED_EDGE('',*,*,#2746,.F.);
#2746 = EDGE_CURVE('',#2718,#2747,#2749,.T.);
#2747 = VERTEX_POINT('',#2748);
#2748 = CARTESIAN_POINT('',(81.25,94.75,94.));
#2749 = LINE('',#2750,#2751);
#2750 = CARTESIAN_POINT('',(81.25,77.5,94.));
#2751 = VECTOR('',#2752,1.);
#2752 = DIRECTION('',(-0.,1.,0.));
#2753 = ORIENTED_EDGE('',*,*,#2732,.T.);
#2754 = ORIENTED_EDGE('',*,*,#1831,.T.);
#2755 = ORIENTED_EDGE('',*,*,#2756,.T.);
#2756 = EDGE_CURVE('',#1822,#2747,#2757,.T.);
#2757 = LINE('',#2758,#2759);
#2758 = CARTESIAN_POINT('',(81.25,94.75,88.));
#2759 = VECTOR('',#2760,1.);
#2760 = DIRECTION('',(0.,0.,1.));
#2761 = PLANE('',#2762);
#2762 = AXIS2_PLACEMENT_3D('',#2763,#2764,#2765);
#2763 = CARTESIAN_POINT('',(81.25,22.,88.));
#2764 = DIRECTION('',(1.,0.,-0.));
#2765 = DIRECTION('',(0.,0.,1.));
#2766 = ADVANCED_FACE('',(#2767),#2785,.F.);
#2767 = FACE_BOUND('',#2768,.F.);
#2768 = EDGE_LOOP('',(#2769,#2770,#2771,#2779));
#2769 = ORIENTED_EDGE('',*,*,#2746,.F.);
#2770 = ORIENTED_EDGE('',*,*,#2715,.F.);
#2771 = ORIENTED_EDGE('',*,*,#2772,.T.);
#2772 = EDGE_CURVE('',#2716,#2773,#2775,.T.);
#2773 = VERTEX_POINT('',#2774);
#2774 = CARTESIAN_POINT('',(136.75,94.75,94.));
#2775 = LINE('',#2776,#2777);
#2776 = CARTESIAN_POINT('',(136.75,77.5,94.));
#2777 = VECTOR('',#2778,1.);
#2778 = DIRECTION('',(-0.,1.,0.));
#2779 = ORIENTED_EDGE('',*,*,#2780,.T.);
#2780 = EDGE_CURVE('',#2773,#2747,#2781,.T.);
#2781 = LINE('',#2782,#2783);
#2782 = CARTESIAN_POINT('',(80.,94.75,94.));
#2783 = VECTOR('',#2784,1.);
#2784 = DIRECTION('',(-1.,-0.,0.));
#2785 = PLANE('',#2786);
#2786 = AXIS2_PLACEMENT_3D('',#2787,#2788,#2789);
#2787 = CARTESIAN_POINT('',(138.,133.,94.));
#2788 = DIRECTION('',(0.,0.,1.));
#2789 = DIRECTION('',(1.,0.,-0.));
#2790 = ADVANCED_FACE('',(#2791),#2802,.F.);
#2791 = FACE_BOUND('',#2792,.F.);
#2792 = EDGE_LOOP('',(#2793,#2794,#2795,#2796));
#2793 = ORIENTED_EDGE('',*,*,#2772,.F.);
#2794 = ORIENTED_EDGE('',*,*,#2725,.T.);
#2795 = ORIENTED_EDGE('',*,*,#1847,.T.);
#2796 = ORIENTED_EDGE('',*,*,#2797,.T.);
#2797 = EDGE_CURVE('',#1824,#2773,#2798,.T.);
#2798 = LINE('',#2799,#2800);
#2799 = CARTESIAN_POINT('',(136.75,94.75,88.));
#2800 = VECTOR('',#2801,1.);
#2801 = DIRECTION('',(0.,0.,1.));
#2802 = PLANE('',#2803);
#2803 = AXIS2_PLACEMENT_3D('',#2804,#2805,#2806);
#2804 = CARTESIAN_POINT('',(136.75,22.,88.));
#2805 = DIRECTION('',(1.,0.,-0.));
#2806 = DIRECTION('',(0.,0.,1.));
#2807 = ADVANCED_FACE('',(#2808),#2814,.F.);
#2808 = FACE_BOUND('',#2809,.F.);
#2809 = EDGE_LOOP('',(#2810,#2811,#2812,#2813));
#2810 = ORIENTED_EDGE('',*,*,#1821,.F.);
#2811 = ORIENTED_EDGE('',*,*,#2756,.T.);
#2812 = ORIENTED_EDGE('',*,*,#2780,.F.);
#2813 = ORIENTED_EDGE('',*,*,#2797,.F.);
#2814 = PLANE('',#2815);
#2815 = AXIS2_PLACEMENT_3D('',#2816,#2817,#2818);
#2816 = CARTESIAN_POINT('',(22.,94.75,88.));
#2817 = DIRECTION('',(-0.,1.,0.));
#2818 = DIRECTION('',(0.,0.,1.));
#2819 = ADVANCED_FACE('',(#2820),#2845,.T.);
#2820 = FACE_BOUND('',#2821,.T.);
#2821 = EDGE_LOOP('',(#2822,#2832,#2838,#2839));
#2822 = ORIENTED_EDGE('',*,*,#2823,.F.);
#2823 = EDGE_CURVE('',#2824,#2826,#2828,.T.);
#2824 = VERTEX_POINT('',#2825);
#2825 = CARTESIAN_POINT('',(194.75,24.5,94.));
#2826 = VERTEX_POINT('',#2827);
#2827 = CARTESIAN_POINT('',(139.25,24.5,94.));
#2828 = LINE('',#2829,#2830);
#2829 = CARTESIAN_POINT('',(83.25,24.5,94.));
#2830 = VECTOR('',#2831,1.);
#2831 = DIRECTION('',(-1.,0.,0.));
#2832 = ORIENTED_EDGE('',*,*,#2833,.T.);
#2833 = EDGE_CURVE('',#2824,#1874,#2834,.T.);
#2834 = LINE('',#2835,#2836);
#2835 = CARTESIAN_POINT('',(194.75,24.5,87.5));
#2836 = VECTOR('',#2837,1.);
#2837 = DIRECTION('',(-0.,0.,-1.));
#2838 = ORIENTED_EDGE('',*,*,#1873,.T.);
#2839 = ORIENTED_EDGE('',*,*,#2840,.F.);
#2840 = EDGE_CURVE('',#2826,#1866,#2841,.T.);
#2841 = LINE('',#2842,#2843);
#2842 = CARTESIAN_POINT('',(139.25,24.5,87.5));
#2843 = VECTOR('',#2844,1.);
#2844 = DIRECTION('',(-0.,0.,-1.));
#2845 = PLANE('',#2846);
#2846 = AXIS2_PLACEMENT_3D('',#2847,#2848,#2849);
#2847 = CARTESIAN_POINT('',(28.5,24.5,87.));
#2848 = DIRECTION('',(0.,1.,0.));
#2849 = DIRECTION('',(1.,0.,0.));
#2850 = ADVANCED_FACE('',(#2851),#2869,.T.);
#2851 = FACE_BOUND('',#2852,.T.);
#2852 = EDGE_LOOP('',(#2853,#2861,#2862,#2863));
#2853 = ORIENTED_EDGE('',*,*,#2854,.F.);
#2854 = EDGE_CURVE('',#2826,#2855,#2857,.T.);
#2855 = VERTEX_POINT('',#2856);
#2856 = CARTESIAN_POINT('',(139.25,94.75,94.));
#2857 = LINE('',#2858,#2859);
#2858 = CARTESIAN_POINT('',(139.25,77.5,94.));
#2859 = VECTOR('',#2860,1.);
#2860 = DIRECTION('',(-0.,1.,0.));
#2861 = ORIENTED_EDGE('',*,*,#2840,.T.);
#2862 = ORIENTED_EDGE('',*,*,#1865,.T.);
#2863 = ORIENTED_EDGE('',*,*,#2864,.T.);
#2864 = EDGE_CURVE('',#1856,#2855,#2865,.T.);
#2865 = LINE('',#2866,#2867);
#2866 = CARTESIAN_POINT('',(139.25,94.75,88.));
#2867 = VECTOR('',#2868,1.);
#2868 = DIRECTION('',(0.,0.,1.));
#2869 = PLANE('',#2870);
#2870 = AXIS2_PLACEMENT_3D('',#2871,#2872,#2873);
#2871 = CARTESIAN_POINT('',(139.25,22.,88.));
#2872 = DIRECTION('',(1.,0.,-0.));
#2873 = DIRECTION('',(0.,0.,1.));
#2874 = ADVANCED_FACE('',(#2875),#2893,.F.);
#2875 = FACE_BOUND('',#2876,.F.);
#2876 = EDGE_LOOP('',(#2877,#2878,#2879,#2887));
#2877 = ORIENTED_EDGE('',*,*,#2854,.F.);
#2878 = ORIENTED_EDGE('',*,*,#2823,.F.);
#2879 = ORIENTED_EDGE('',*,*,#2880,.T.);
#2880 = EDGE_CURVE('',#2824,#2881,#2883,.T.);
#2881 = VERTEX_POINT('',#2882);
#2882 = CARTESIAN_POINT('',(194.75,94.75,94.));
#2883 = LINE('',#2884,#2885);
#2884 = CARTESIAN_POINT('',(194.75,77.5,94.));
#2885 = VECTOR('',#2886,1.);
#2886 = DIRECTION('',(-0.,1.,0.));
#2887 = ORIENTED_EDGE('',*,*,#2888,.T.);
#2888 = EDGE_CURVE('',#2881,#2855,#2889,.T.);
#2889 = LINE('',#2890,#2891);
#2890 = CARTESIAN_POINT('',(80.,94.75,94.));
#2891 = VECTOR('',#2892,1.);
#2892 = DIRECTION('',(-1.,-0.,0.));
#2893 = PLANE('',#2894);
#2894 = AXIS2_PLACEMENT_3D('',#2895,#2896,#2897);
#2895 = CARTESIAN_POINT('',(138.,133.,94.));
#2896 = DIRECTION('',(0.,0.,1.));
#2897 = DIRECTION('',(1.,0.,-0.));
#2898 = ADVANCED_FACE('',(#2899),#2910,.F.);
#2899 = FACE_BOUND('',#2900,.F.);
#2900 = EDGE_LOOP('',(#2901,#2902,#2903,#2904));
#2901 = ORIENTED_EDGE('',*,*,#2880,.F.);
#2902 = ORIENTED_EDGE('',*,*,#2833,.T.);
#2903 = ORIENTED_EDGE('',*,*,#1881,.T.);
#2904 = ORIENTED_EDGE('',*,*,#2905,.T.);
#2905 = EDGE_CURVE('',#1858,#2881,#2906,.T.);
#2906 = LINE('',#2907,#2908);
#2907 = CARTESIAN_POINT('',(194.75,94.75,88.));
#2908 = VECTOR('',#2909,1.);
#2909 = DIRECTION('',(0.,0.,1.));
#2910 = PLANE('',#2911);
#2911 = AXIS2_PLACEMENT_3D('',#2912,#2913,#2914);
#2912 = CARTESIAN_POINT('',(194.75,22.,88.));
#2913 = DIRECTION('',(1.,0.,-0.));
#2914 = DIRECTION('',(0.,0.,1.));
#2915 = ADVANCED_FACE('',(#2916),#2922,.F.);
#2916 = FACE_BOUND('',#2917,.F.);
#2917 = EDGE_LOOP('',(#2918,#2919,#2920,#2921));
#2918 = ORIENTED_EDGE('',*,*,#1855,.F.);
#2919 = ORIENTED_EDGE('',*,*,#2864,.T.);
#2920 = ORIENTED_EDGE('',*,*,#2888,.F.);
#2921 = ORIENTED_EDGE('',*,*,#2905,.F.);
#2922 = PLANE('',#2923);
#2923 = AXIS2_PLACEMENT_3D('',#2924,#2925,#2926);
#2924 = CARTESIAN_POINT('',(22.,94.75,88.));
#2925 = DIRECTION('',(-0.,1.,0.));
#2926 = DIRECTION('',(0.,0.,1.));
#2927 = ADVANCED_FACE('',(#2928),#2953,.T.);
#2928 = FACE_BOUND('',#2929,.T.);
#2929 = EDGE_LOOP('',(#2930,#2938,#2939,#2947));
#2930 = ORIENTED_EDGE('',*,*,#2931,.F.);
#2931 = EDGE_CURVE('',#1890,#2932,#2934,.T.);
#2932 = VERTEX_POINT('',#2933);
#2933 = CARTESIAN_POINT('',(24.5,28.5,94.));
#2934 = LINE('',#2935,#2936);
#2935 = CARTESIAN_POINT('',(24.5,28.5,87.));
#2936 = VECTOR('',#2937,1.);
#2937 = DIRECTION('',(0.,0.,1.));
#2938 = ORIENTED_EDGE('',*,*,#1889,.T.);
#2939 = ORIENTED_EDGE('',*,*,#2940,.T.);
#2940 = EDGE_CURVE('',#1892,#2941,#2943,.T.);
#2941 = VERTEX_POINT('',#2942);
#2942 = CARTESIAN_POINT('',(24.5,94.75,94.));
#2943 = LINE('',#2944,#2945);
#2944 = CARTESIAN_POINT('',(24.5,94.75,87.5));
#2945 = VECTOR('',#2946,1.);
#2946 = DIRECTION('',(0.,0.,1.));
#2947 = ORIENTED_EDGE('',*,*,#2948,.F.);
#2948 = EDGE_CURVE('',#2932,#2941,#2949,.T.);
#2949 = LINE('',#2950,#2951);
#2950 = CARTESIAN_POINT('',(24.5,185.25,94.));
#2951 = VECTOR('',#2952,1.);
#2952 = DIRECTION('',(-0.,1.,0.));
#2953 = PLANE('',#2954);
#2954 = AXIS2_PLACEMENT_3D('',#2955,#2956,#2957);
#2955 = CARTESIAN_POINT('',(24.5,237.5,87.));
#2956 = DIRECTION('',(1.,0.,-0.));
#2957 = DIRECTION('',(0.,-1.,0.));
#2958 = ADVANCED_FACE('',(#2959),#2978,.F.);
#2959 = FACE_BOUND('',#2960,.T.);
#2960 = EDGE_LOOP('',(#2961,#2969,#2970,#2971));
#2961 = ORIENTED_EDGE('',*,*,#2962,.F.);
#2962 = EDGE_CURVE('',#1900,#2963,#2965,.T.);
#2963 = VERTEX_POINT('',#2964);
#2964 = CARTESIAN_POINT('',(28.5,24.5,94.));
#2965 = LINE('',#2966,#2967);
#2966 = CARTESIAN_POINT('',(28.5,24.5,87.));
#2967 = VECTOR('',#2968,1.);
#2968 = DIRECTION('',(0.,0.,1.));
#2969 = ORIENTED_EDGE('',*,*,#1899,.T.);
#2970 = ORIENTED_EDGE('',*,*,#2931,.T.);
#2971 = ORIENTED_EDGE('',*,*,#2972,.F.);
#2972 = EDGE_CURVE('',#2963,#2932,#2973,.T.);
#2973 = CIRCLE('',#2974,4.);
#2974 = AXIS2_PLACEMENT_3D('',#2975,#2976,#2977);
#2975 = CARTESIAN_POINT('',(28.5,28.5,94.));
#2976 = DIRECTION('',(0.,-0.,-1.));
#2977 = DIRECTION('',(1.,0.,-0.));
#2978 = CYLINDRICAL_SURFACE('',#2979,4.);
#2979 = AXIS2_PLACEMENT_3D('',#2980,#2981,#2982);
#2980 = CARTESIAN_POINT('',(28.5,28.5,87.));
#2981 = DIRECTION('',(-0.,-0.,-1.));
#2982 = DIRECTION('',(1.,0.,-0.));
#2983 = ADVANCED_FACE('',(#2984),#3002,.T.);
#2984 = FACE_BOUND('',#2985,.T.);
#2985 = EDGE_LOOP('',(#2986,#2994,#3000,#3001));
#2986 = ORIENTED_EDGE('',*,*,#2987,.F.);
#2987 = EDGE_CURVE('',#2988,#2963,#2990,.T.);
#2988 = VERTEX_POINT('',#2989);
#2989 = CARTESIAN_POINT('',(78.75,24.5,94.));
#2990 = LINE('',#2991,#2992);
#2991 = CARTESIAN_POINT('',(83.25,24.5,94.));
#2992 = VECTOR('',#2993,1.);
#2993 = DIRECTION('',(-1.,0.,0.));
#2994 = ORIENTED_EDGE('',*,*,#2995,.T.);
#2995 = EDGE_CURVE('',#2988,#1909,#2996,.T.);
#2996 = LINE('',#2997,#2998);
#2997 = CARTESIAN_POINT('',(78.75,24.5,87.5));
#2998 = VECTOR('',#2999,1.);
#2999 = DIRECTION('',(-0.,0.,-1.));
#3000 = ORIENTED_EDGE('',*,*,#1908,.T.);
#3001 = ORIENTED_EDGE('',*,*,#2962,.T.);
#3002 = PLANE('',#3003);
#3003 = AXIS2_PLACEMENT_3D('',#3004,#3005,#3006);
#3004 = CARTESIAN_POINT('',(28.5,24.5,87.));
#3005 = DIRECTION('',(0.,1.,0.));
#3006 = DIRECTION('',(1.,0.,0.));
#3007 = ADVANCED_FACE('',(#3008),#3026,.F.);
#3008 = FACE_BOUND('',#3009,.F.);
#3009 = EDGE_LOOP('',(#3010,#3018,#3019,#3020));
#3010 = ORIENTED_EDGE('',*,*,#3011,.F.);
#3011 = EDGE_CURVE('',#2988,#3012,#3014,.T.);
#3012 = VERTEX_POINT('',#3013);
#3013 = CARTESIAN_POINT('',(78.75,94.75,94.));
#3014 = LINE('',#3015,#3016);
#3015 = CARTESIAN_POINT('',(78.75,77.5,94.));
#3016 = VECTOR('',#3017,1.);
#3017 = DIRECTION('',(-0.,1.,0.));
#3018 = ORIENTED_EDGE('',*,*,#2995,.T.);
#3019 = ORIENTED_EDGE('',*,*,#1916,.T.);
#3020 = ORIENTED_EDGE('',*,*,#3021,.T.);
#3021 = EDGE_CURVE('',#1917,#3012,#3022,.T.);
#3022 = LINE('',#3023,#3024);
#3023 = CARTESIAN_POINT('',(78.75,94.75,88.));
#3024 = VECTOR('',#3025,1.);
#3025 = DIRECTION('',(0.,0.,1.));
#3026 = PLANE('',#3027);
#3027 = AXIS2_PLACEMENT_3D('',#3028,#3029,#3030);
#3028 = CARTESIAN_POINT('',(78.75,22.,88.));
#3029 = DIRECTION('',(1.,0.,-0.));
#3030 = DIRECTION('',(0.,0.,1.));
#3031 = ADVANCED_FACE('',(#3032),#3044,.F.);
#3032 = FACE_BOUND('',#3033,.F.);
#3033 = EDGE_LOOP('',(#3034,#3035,#3036,#3037,#3038));
#3034 = ORIENTED_EDGE('',*,*,#2948,.F.);
#3035 = ORIENTED_EDGE('',*,*,#2972,.F.);
#3036 = ORIENTED_EDGE('',*,*,#2987,.F.);
#3037 = ORIENTED_EDGE('',*,*,#3011,.T.);
#3038 = ORIENTED_EDGE('',*,*,#3039,.T.);
#3039 = EDGE_CURVE('',#3012,#2941,#3040,.T.);
#3040 = LINE('',#3041,#3042);
#3041 = CARTESIAN_POINT('',(80.,94.75,94.));
#3042 = VECTOR('',#3043,1.);
#3043 = DIRECTION('',(-1.,-0.,0.));
#3044 = PLANE('',#3045);
#3045 = AXIS2_PLACEMENT_3D('',#3046,#3047,#3048);
#3046 = CARTESIAN_POINT('',(138.,133.,94.));
#3047 = DIRECTION('',(0.,0.,1.));
#3048 = DIRECTION('',(1.,0.,-0.));
#3049 = ADVANCED_FACE('',(#3050),#3056,.F.);
#3050 = FACE_BOUND('',#3051,.F.);
#3051 = EDGE_LOOP('',(#3052,#3053,#3054,#3055));
#3052 = ORIENTED_EDGE('',*,*,#1924,.F.);
#3053 = ORIENTED_EDGE('',*,*,#2940,.T.);
#3054 = ORIENTED_EDGE('',*,*,#3039,.F.);
#3055 = ORIENTED_EDGE('',*,*,#3021,.F.);
#3056 = PLANE('',#3057);
#3057 = AXIS2_PLACEMENT_3D('',#3058,#3059,#3060);
#3058 = CARTESIAN_POINT('',(22.,94.75,88.));
#3059 = DIRECTION('',(-0.,1.,0.));
#3060 = DIRECTION('',(0.,0.,1.));
#3061 = ADVANCED_FACE('',(#3062),#3087,.T.);
#3062 = FACE_BOUND('',#3063,.T.);
#3063 = EDGE_LOOP('',(#3064,#3072,#3073,#3081));
#3064 = ORIENTED_EDGE('',*,*,#3065,.F.);
#3065 = EDGE_CURVE('',#1933,#3066,#3068,.T.);
#3066 = VERTEX_POINT('',#3067);
#3067 = CARTESIAN_POINT('',(28.5,241.5,94.));
#3068 = LINE('',#3069,#3070);
#3069 = CARTESIAN_POINT('',(28.5,241.5,87.));
#3070 = VECTOR('',#3071,1.);
#3071 = DIRECTION('',(0.,0.,1.));
#3072 = ORIENTED_EDGE('',*,*,#1932,.T.);
#3073 = ORIENTED_EDGE('',*,*,#3074,.T.);
#3074 = EDGE_CURVE('',#1935,#3075,#3077,.T.);
#3075 = VERTEX_POINT('',#3076);
#3076 = CARTESIAN_POINT('',(78.75,241.5,94.));
#3077 = LINE('',#3078,#3079);
#3078 = CARTESIAN_POINT('',(78.75,241.5,87.5));
#3079 = VECTOR('',#3080,1.);
#3080 = DIRECTION('',(0.,0.,1.));
#3081 = ORIENTED_EDGE('',*,*,#3082,.F.);
#3082 = EDGE_CURVE('',#3066,#3075,#3083,.T.);
#3083 = LINE('',#3084,#3085);
#3084 = CARTESIAN_POINT('',(192.75,241.5,94.));
#3085 = VECTOR('',#3086,1.);
#3086 = DIRECTION('',(1.,0.,-0.));
#3087 = PLANE('',#3088);
#3088 = AXIS2_PLACEMENT_3D('',#3089,#3090,#3091);
#3089 = CARTESIAN_POINT('',(247.5,241.5,87.));
#3090 = DIRECTION('',(0.,-1.,0.));
#3091 = DIRECTION('',(-1.,0.,0.));
#3092 = ADVANCED_FACE('',(#3093),#3112,.F.);
#3093 = FACE_BOUND('',#3094,.T.);
#3094 = EDGE_LOOP('',(#3095,#3103,#3104,#3105));
#3095 = ORIENTED_EDGE('',*,*,#3096,.F.);
#3096 = EDGE_CURVE('',#1943,#3097,#3099,.T.);
#3097 = VERTEX_POINT('',#3098);
#3098 = CARTESIAN_POINT('',(24.5,237.5,94.));
#3099 = LINE('',#3100,#3101);
#3100 = CARTESIAN_POINT('',(24.5,237.5,87.));
#3101 = VECTOR('',#3102,1.);
#3102 = DIRECTION('',(0.,0.,1.));
#3103 = ORIENTED_EDGE('',*,*,#1942,.T.);
#3104 = ORIENTED_EDGE('',*,*,#3065,.T.);
#3105 = ORIENTED_EDGE('',*,*,#3106,.F.);
#3106 = EDGE_CURVE('',#3097,#3066,#3107,.T.);
#3107 = CIRCLE('',#3108,4.);
#3108 = AXIS2_PLACEMENT_3D('',#3109,#3110,#3111);
#3109 = CARTESIAN_POINT('',(28.5,237.5,94.));
#3110 = DIRECTION('',(0.,-0.,-1.));
#3111 = DIRECTION('',(1.,0.,-0.));
#3112 = CYLINDRICAL_SURFACE('',#3113,4.);
#3113 = AXIS2_PLACEMENT_3D('',#3114,#3115,#3116);
#3114 = CARTESIAN_POINT('',(28.5,237.5,87.));
#3115 = DIRECTION('',(-0.,-0.,-1.));
#3116 = DIRECTION('',(1.,0.,-0.));
#3117 = ADVANCED_FACE('',(#3118),#3136,.T.);
#3118 = FACE_BOUND('',#3119,.T.);
#3119 = EDGE_LOOP('',(#3120,#3128,#3129,#3130));
#3120 = ORIENTED_EDGE('',*,*,#3121,.F.);
#3121 = EDGE_CURVE('',#1952,#3122,#3124,.T.);
#3122 = VERTEX_POINT('',#3123);
#3123 = CARTESIAN_POINT('',(24.5,171.25,94.));
#3124 = LINE('',#3125,#3126);
#3125 = CARTESIAN_POINT('',(24.5,171.25,87.5));
#3126 = VECTOR('',#3127,1.);
#3127 = DIRECTION('',(0.,0.,1.));
#3128 = ORIENTED_EDGE('',*,*,#1951,.T.);
#3129 = ORIENTED_EDGE('',*,*,#3096,.T.);
#3130 = ORIENTED_EDGE('',*,*,#3131,.F.);
#3131 = EDGE_CURVE('',#3122,#3097,#3132,.T.);
#3132 = LINE('',#3133,#3134);
#3133 = CARTESIAN_POINT('',(24.5,185.25,94.));
#3134 = VECTOR('',#3135,1.);
#3135 = DIRECTION('',(-0.,1.,0.));
#3136 = PLANE('',#3137);
#3137 = AXIS2_PLACEMENT_3D('',#3138,#3139,#3140);
#3138 = CARTESIAN_POINT('',(24.5,237.5,87.));
#3139 = DIRECTION('',(1.,0.,-0.));
#3140 = DIRECTION('',(0.,-1.,0.));
#3141 = ADVANCED_FACE('',(#3142),#3160,.T.);
#3142 = FACE_BOUND('',#3143,.T.);
#3143 = EDGE_LOOP('',(#3144,#3145,#3146,#3154));
#3144 = ORIENTED_EDGE('',*,*,#1959,.F.);
#3145 = ORIENTED_EDGE('',*,*,#3121,.T.);
#3146 = ORIENTED_EDGE('',*,*,#3147,.F.);
#3147 = EDGE_CURVE('',#3148,#3122,#3150,.T.);
#3148 = VERTEX_POINT('',#3149);
#3149 = CARTESIAN_POINT('',(78.75,171.25,94.));
#3150 = LINE('',#3151,#3152);
#3151 = CARTESIAN_POINT('',(80.,171.25,94.));
#3152 = VECTOR('',#3153,1.);
#3153 = DIRECTION('',(-1.,-0.,0.));
#3154 = ORIENTED_EDGE('',*,*,#3155,.F.);
#3155 = EDGE_CURVE('',#1960,#3148,#3156,.T.);
#3156 = LINE('',#3157,#3158);
#3157 = CARTESIAN_POINT('',(78.75,171.25,88.));
#3158 = VECTOR('',#3159,1.);
#3159 = DIRECTION('',(0.,0.,1.));
#3160 = PLANE('',#3161);
#3161 = AXIS2_PLACEMENT_3D('',#3162,#3163,#3164);
#3162 = CARTESIAN_POINT('',(22.,171.25,88.));
#3163 = DIRECTION('',(-0.,1.,0.));
#3164 = DIRECTION('',(0.,0.,1.));
#3165 = ADVANCED_FACE('',(#3166),#3178,.F.);
#3166 = FACE_BOUND('',#3167,.F.);
#3167 = EDGE_LOOP('',(#3168,#3169,#3170,#3171,#3172));
#3168 = ORIENTED_EDGE('',*,*,#3082,.F.);
#3169 = ORIENTED_EDGE('',*,*,#3106,.F.);
#3170 = ORIENTED_EDGE('',*,*,#3131,.F.);
#3171 = ORIENTED_EDGE('',*,*,#3147,.F.);
#3172 = ORIENTED_EDGE('',*,*,#3173,.T.);
#3173 = EDGE_CURVE('',#3148,#3075,#3174,.T.);
#3174 = LINE('',#3175,#3176);
#3175 = CARTESIAN_POINT('',(78.75,77.5,94.));
#3176 = VECTOR('',#3177,1.);
#3177 = DIRECTION('',(-0.,1.,0.));
#3178 = PLANE('',#3179);
#3179 = AXIS2_PLACEMENT_3D('',#3180,#3181,#3182);
#3180 = CARTESIAN_POINT('',(138.,133.,94.));
#3181 = DIRECTION('',(0.,0.,1.));
#3182 = DIRECTION('',(1.,0.,-0.));
#3183 = ADVANCED_FACE('',(#3184),#3190,.F.);
#3184 = FACE_BOUND('',#3185,.F.);
#3185 = EDGE_LOOP('',(#3186,#3187,#3188,#3189));
#3186 = ORIENTED_EDGE('',*,*,#3173,.F.);
#3187 = ORIENTED_EDGE('',*,*,#3155,.F.);
#3188 = ORIENTED_EDGE('',*,*,#1967,.T.);
#3189 = ORIENTED_EDGE('',*,*,#3074,.T.);
#3190 = PLANE('',#3191);
#3191 = AXIS2_PLACEMENT_3D('',#3192,#3193,#3194);
#3192 = CARTESIAN_POINT('',(78.75,22.,88.));
#3193 = DIRECTION('',(1.,0.,-0.));
#3194 = DIRECTION('',(0.,0.,1.));
#3195 = ADVANCED_FACE('',(#3196),#3221,.T.);
#3196 = FACE_BOUND('',#3197,.T.);
#3197 = EDGE_LOOP('',(#3198,#3206,#3207,#3215));
#3198 = ORIENTED_EDGE('',*,*,#3199,.F.);
#3199 = EDGE_CURVE('',#1976,#3200,#3202,.T.);
#3200 = VERTEX_POINT('',#3201);
#3201 = CARTESIAN_POINT('',(251.5,237.5,94.));
#3202 = LINE('',#3203,#3204);
#3203 = CARTESIAN_POINT('',(251.5,237.5,87.));
#3204 = VECTOR('',#3205,1.);
#3205 = DIRECTION('',(0.,0.,1.));
#3206 = ORIENTED_EDGE('',*,*,#1975,.T.);
#3207 = ORIENTED_EDGE('',*,*,#3208,.F.);
#3208 = EDGE_CURVE('',#3209,#1978,#3211,.T.);
#3209 = VERTEX_POINT('',#3210);
#3210 = CARTESIAN_POINT('',(251.5,171.25,94.));
#3211 = LINE('',#3212,#3213);
#3212 = CARTESIAN_POINT('',(251.5,171.25,87.5));
#3213 = VECTOR('',#3214,1.);
#3214 = DIRECTION('',(0.,0.,-1.));
#3215 = ORIENTED_EDGE('',*,*,#3216,.F.);
#3216 = EDGE_CURVE('',#3200,#3209,#3217,.T.);
#3217 = LINE('',#3218,#3219);
#3218 = CARTESIAN_POINT('',(251.5,80.75,94.));
#3219 = VECTOR('',#3220,1.);
#3220 = DIRECTION('',(0.,-1.,0.));
#3221 = PLANE('',#3222);
#3222 = AXIS2_PLACEMENT_3D('',#3223,#3224,#3225);
#3223 = CARTESIAN_POINT('',(251.5,28.5,87.));
#3224 = DIRECTION('',(-1.,0.,0.));
#3225 = DIRECTION('',(0.,1.,0.));
#3226 = ADVANCED_FACE('',(#3227),#3246,.F.);
#3227 = FACE_BOUND('',#3228,.T.);
#3228 = EDGE_LOOP('',(#3229,#3237,#3238,#3239));
#3229 = ORIENTED_EDGE('',*,*,#3230,.F.);
#3230 = EDGE_CURVE('',#1986,#3231,#3233,.T.);
#3231 = VERTEX_POINT('',#3232);
#3232 = CARTESIAN_POINT('',(247.5,241.5,94.));
#3233 = LINE('',#3234,#3235);
#3234 = CARTESIAN_POINT('',(247.5,241.5,87.));
#3235 = VECTOR('',#3236,1.);
#3236 = DIRECTION('',(0.,0.,1.));
#3237 = ORIENTED_EDGE('',*,*,#1985,.T.);
#3238 = ORIENTED_EDGE('',*,*,#3199,.T.);
#3239 = ORIENTED_EDGE('',*,*,#3240,.F.);
#3240 = EDGE_CURVE('',#3231,#3200,#3241,.T.);
#3241 = CIRCLE('',#3242,4.);
#3242 = AXIS2_PLACEMENT_3D('',#3243,#3244,#3245);
#3243 = CARTESIAN_POINT('',(247.5,237.5,94.));
#3244 = DIRECTION('',(0.,-0.,-1.));
#3245 = DIRECTION('',(1.,0.,-0.));
#3246 = CYLINDRICAL_SURFACE('',#3247,4.);
#3247 = AXIS2_PLACEMENT_3D('',#3248,#3249,#3250);
#3248 = CARTESIAN_POINT('',(247.5,237.5,87.));
#3249 = DIRECTION('',(-0.,-0.,-1.));
#3250 = DIRECTION('',(1.,0.,-0.));
#3251 = ADVANCED_FACE('',(#3252),#3270,.T.);
#3252 = FACE_BOUND('',#3253,.T.);
#3253 = EDGE_LOOP('',(#3254,#3262,#3263,#3264));
#3254 = ORIENTED_EDGE('',*,*,#3255,.F.);
#3255 = EDGE_CURVE('',#1995,#3256,#3258,.T.);
#3256 = VERTEX_POINT('',#3257);
#3257 = CARTESIAN_POINT('',(197.25,241.5,94.));
#3258 = LINE('',#3259,#3260);
#3259 = CARTESIAN_POINT('',(197.25,241.5,87.5));
#3260 = VECTOR('',#3261,1.);
#3261 = DIRECTION('',(0.,0.,1.));
#3262 = ORIENTED_EDGE('',*,*,#1994,.T.);
#3263 = ORIENTED_EDGE('',*,*,#3230,.T.);
#3264 = ORIENTED_EDGE('',*,*,#3265,.F.);
#3265 = EDGE_CURVE('',#3256,#3231,#3266,.T.);
#3266 = LINE('',#3267,#3268);
#3267 = CARTESIAN_POINT('',(192.75,241.5,94.));
#3268 = VECTOR('',#3269,1.);
#3269 = DIRECTION('',(1.,0.,-0.));
#3270 = PLANE('',#3271);
#3271 = AXIS2_PLACEMENT_3D('',#3272,#3273,#3274);
#3272 = CARTESIAN_POINT('',(247.5,241.5,87.));
#3273 = DIRECTION('',(0.,-1.,0.));
#3274 = DIRECTION('',(-1.,0.,0.));
#3275 = ADVANCED_FACE('',(#3276),#3294,.T.);
#3276 = FACE_BOUND('',#3277,.T.);
#3277 = EDGE_LOOP('',(#3278,#3279,#3287,#3293));
#3278 = ORIENTED_EDGE('',*,*,#2010,.F.);
#3279 = ORIENTED_EDGE('',*,*,#3280,.T.);
#3280 = EDGE_CURVE('',#2003,#3281,#3283,.T.);
#3281 = VERTEX_POINT('',#3282);
#3282 = CARTESIAN_POINT('',(197.25,171.25,94.));
#3283 = LINE('',#3284,#3285);
#3284 = CARTESIAN_POINT('',(197.25,171.25,88.));
#3285 = VECTOR('',#3286,1.);
#3286 = DIRECTION('',(0.,0.,1.));
#3287 = ORIENTED_EDGE('',*,*,#3288,.F.);
#3288 = EDGE_CURVE('',#3209,#3281,#3289,.T.);
#3289 = LINE('',#3290,#3291);
#3290 = CARTESIAN_POINT('',(80.,171.25,94.));
#3291 = VECTOR('',#3292,1.);
#3292 = DIRECTION('',(-1.,-0.,0.));
#3293 = ORIENTED_EDGE('',*,*,#3208,.T.);
#3294 = PLANE('',#3295);
#3295 = AXIS2_PLACEMENT_3D('',#3296,#3297,#3298);
#3296 = CARTESIAN_POINT('',(22.,171.25,88.));
#3297 = DIRECTION('',(-0.,1.,0.));
#3298 = DIRECTION('',(0.,0.,1.));
#3299 = ADVANCED_FACE('',(#3300),#3312,.F.);
#3300 = FACE_BOUND('',#3301,.F.);
#3301 = EDGE_LOOP('',(#3302,#3303,#3304,#3305,#3311));
#3302 = ORIENTED_EDGE('',*,*,#3216,.F.);
#3303 = ORIENTED_EDGE('',*,*,#3240,.F.);
#3304 = ORIENTED_EDGE('',*,*,#3265,.F.);
#3305 = ORIENTED_EDGE('',*,*,#3306,.F.);
#3306 = EDGE_CURVE('',#3281,#3256,#3307,.T.);
#3307 = LINE('',#3308,#3309);
#3308 = CARTESIAN_POINT('',(197.25,77.5,94.));
#3309 = VECTOR('',#3310,1.);
#3310 = DIRECTION('',(-0.,1.,0.));
#3311 = ORIENTED_EDGE('',*,*,#3288,.F.);
#3312 = PLANE('',#3313);
#3313 = AXIS2_PLACEMENT_3D('',#3314,#3315,#3316);
#3314 = CARTESIAN_POINT('',(138.,133.,94.));
#3315 = DIRECTION('',(0.,0.,1.));
#3316 = DIRECTION('',(1.,0.,-0.));
#3317 = ADVANCED_FACE('',(#3318),#3324,.T.);
#3318 = FACE_BOUND('',#3319,.T.);
#3319 = EDGE_LOOP('',(#3320,#3321,#3322,#3323));
#3320 = ORIENTED_EDGE('',*,*,#3306,.F.);
#3321 = ORIENTED_EDGE('',*,*,#3280,.F.);
#3322 = ORIENTED_EDGE('',*,*,#2002,.T.);
#3323 = ORIENTED_EDGE('',*,*,#3255,.T.);
#3324 = PLANE('',#3325);
#3325 = AXIS2_PLACEMENT_3D('',#3326,#3327,#3328);
#3326 = CARTESIAN_POINT('',(197.25,22.,88.));
#3327 = DIRECTION('',(1.,0.,-0.));
#3328 = DIRECTION('',(0.,0.,1.));
#3329 = ADVANCED_FACE('',(#3330),#3355,.T.);
#3330 = FACE_BOUND('',#3331,.T.);
#3331 = EDGE_LOOP('',(#3332,#3340,#3341,#3349));
#3332 = ORIENTED_EDGE('',*,*,#3333,.F.);
#3333 = EDGE_CURVE('',#2037,#3334,#3336,.T.);
#3334 = VERTEX_POINT('',#3335);
#3335 = CARTESIAN_POINT('',(247.5,24.5,94.));
#3336 = LINE('',#3337,#3338);
#3337 = CARTESIAN_POINT('',(247.5,24.5,87.));
#3338 = VECTOR('',#3339,1.);
#3339 = DIRECTION('',(0.,0.,1.));
#3340 = ORIENTED_EDGE('',*,*,#2036,.T.);
#3341 = ORIENTED_EDGE('',*,*,#3342,.F.);
#3342 = EDGE_CURVE('',#3343,#2029,#3345,.T.);
#3343 = VERTEX_POINT('',#3344);
#3344 = CARTESIAN_POINT('',(197.25,24.5,94.));
#3345 = LINE('',#3346,#3347);
#3346 = CARTESIAN_POINT('',(197.25,24.5,87.5));
#3347 = VECTOR('',#3348,1.);
#3348 = DIRECTION('',(-0.,0.,-1.));
#3349 = ORIENTED_EDGE('',*,*,#3350,.F.);
#3350 = EDGE_CURVE('',#3334,#3343,#3351,.T.);
#3351 = LINE('',#3352,#3353);
#3352 = CARTESIAN_POINT('',(83.25,24.5,94.));
#3353 = VECTOR('',#3354,1.);
#3354 = DIRECTION('',(-1.,0.,0.));
#3355 = PLANE('',#3356);
#3356 = AXIS2_PLACEMENT_3D('',#3357,#3358,#3359);
#3357 = CARTESIAN_POINT('',(28.5,24.5,87.));
#3358 = DIRECTION('',(0.,1.,0.));
#3359 = DIRECTION('',(1.,0.,0.));
#3360 = ADVANCED_FACE('',(#3361),#3380,.F.);
#3361 = FACE_BOUND('',#3362,.T.);
#3362 = EDGE_LOOP('',(#3363,#3371,#3372,#3373));
#3363 = ORIENTED_EDGE('',*,*,#3364,.F.);
#3364 = EDGE_CURVE('',#2045,#3365,#3367,.T.);
#3365 = VERTEX_POINT('',#3366);
#3366 = CARTESIAN_POINT('',(251.5,28.5,94.));
#3367 = LINE('',#3368,#3369);
#3368 = CARTESIAN_POINT('',(251.5,28.5,87.));
#3369 = VECTOR('',#3370,1.);
#3370 = DIRECTION('',(0.,0.,1.));
#3371 = ORIENTED_EDGE('',*,*,#2044,.T.);
#3372 = ORIENTED_EDGE('',*,*,#3333,.T.);
#3373 = ORIENTED_EDGE('',*,*,#3374,.F.);
#3374 = EDGE_CURVE('',#3365,#3334,#3375,.T.);
#3375 = CIRCLE('',#3376,4.);
#3376 = AXIS2_PLACEMENT_3D('',#3377,#3378,#3379);
#3377 = CARTESIAN_POINT('',(247.5,28.5,94.));
#3378 = DIRECTION('',(0.,-0.,-1.));
#3379 = DIRECTION('',(1.,0.,-0.));
#3380 = CYLINDRICAL_SURFACE('',#3381,4.);
#3381 = AXIS2_PLACEMENT_3D('',#3382,#3383,#3384);
#3382 = CARTESIAN_POINT('',(247.5,28.5,87.));
#3383 = DIRECTION('',(-0.,-0.,-1.));
#3384 = DIRECTION('',(1.,0.,-0.));
#3385 = ADVANCED_FACE('',(#3386),#3404,.T.);
#3386 = FACE_BOUND('',#3387,.T.);
#3387 = EDGE_LOOP('',(#3388,#3396,#3402,#3403));
#3388 = ORIENTED_EDGE('',*,*,#3389,.F.);
#3389 = EDGE_CURVE('',#3390,#3365,#3392,.T.);
#3390 = VERTEX_POINT('',#3391);
#3391 = CARTESIAN_POINT('',(251.5,94.75,94.));
#3392 = LINE('',#3393,#3394);
#3393 = CARTESIAN_POINT('',(251.5,80.75,94.));
#3394 = VECTOR('',#3395,1.);
#3395 = DIRECTION('',(0.,-1.,0.));
#3396 = ORIENTED_EDGE('',*,*,#3397,.T.);
#3397 = EDGE_CURVE('',#3390,#2021,#3398,.T.);
#3398 = LINE('',#3399,#3400);
#3399 = CARTESIAN_POINT('',(251.5,94.75,87.5));
#3400 = VECTOR('',#3401,1.);
#3401 = DIRECTION('',(0.,0.,-1.));
#3402 = ORIENTED_EDGE('',*,*,#2053,.T.);
#3403 = ORIENTED_EDGE('',*,*,#3364,.T.);
#3404 = PLANE('',#3405);
#3405 = AXIS2_PLACEMENT_3D('',#3406,#3407,#3408);
#3406 = CARTESIAN_POINT('',(251.5,28.5,87.));
#3407 = DIRECTION('',(-1.,0.,0.));
#3408 = DIRECTION('',(0.,1.,0.));
#3409 = ADVANCED_FACE('',(#3410),#3428,.T.);
#3410 = FACE_BOUND('',#3411,.T.);
#3411 = EDGE_LOOP('',(#3412,#3420,#3421,#3422));
#3412 = ORIENTED_EDGE('',*,*,#3413,.F.);
#3413 = EDGE_CURVE('',#3343,#3414,#3416,.T.);
#3414 = VERTEX_POINT('',#3415);
#3415 = CARTESIAN_POINT('',(197.25,94.75,94.));
#3416 = LINE('',#3417,#3418);
#3417 = CARTESIAN_POINT('',(197.25,77.5,94.));
#3418 = VECTOR('',#3419,1.);
#3419 = DIRECTION('',(-0.,1.,0.));
#3420 = ORIENTED_EDGE('',*,*,#3342,.T.);
#3421 = ORIENTED_EDGE('',*,*,#2028,.T.);
#3422 = ORIENTED_EDGE('',*,*,#3423,.T.);
#3423 = EDGE_CURVE('',#2019,#3414,#3424,.T.);
#3424 = LINE('',#3425,#3426);
#3425 = CARTESIAN_POINT('',(197.25,94.75,88.));
#3426 = VECTOR('',#3427,1.);
#3427 = DIRECTION('',(0.,0.,1.));
#3428 = PLANE('',#3429);
#3429 = AXIS2_PLACEMENT_3D('',#3430,#3431,#3432);
#3430 = CARTESIAN_POINT('',(197.25,22.,88.));
#3431 = DIRECTION('',(1.,0.,-0.));
#3432 = DIRECTION('',(0.,0.,1.));
#3433 = ADVANCED_FACE('',(#3434),#3446,.F.);
#3434 = FACE_BOUND('',#3435,.F.);
#3435 = EDGE_LOOP('',(#3436,#3437,#3438,#3439,#3440));
#3436 = ORIENTED_EDGE('',*,*,#3413,.F.);
#3437 = ORIENTED_EDGE('',*,*,#3350,.F.);
#3438 = ORIENTED_EDGE('',*,*,#3374,.F.);
#3439 = ORIENTED_EDGE('',*,*,#3389,.F.);
#3440 = ORIENTED_EDGE('',*,*,#3441,.T.);
#3441 = EDGE_CURVE('',#3390,#3414,#3442,.T.);
#3442 = LINE('',#3443,#3444);
#3443 = CARTESIAN_POINT('',(80.,94.75,94.));
#3444 = VECTOR('',#3445,1.);
#3445 = DIRECTION('',(-1.,-0.,0.));
#3446 = PLANE('',#3447);
#3447 = AXIS2_PLACEMENT_3D('',#3448,#3449,#3450);
#3448 = CARTESIAN_POINT('',(138.,133.,94.));
#3449 = DIRECTION('',(0.,0.,1.));
#3450 = DIRECTION('',(1.,0.,-0.));
#3451 = ADVANCED_FACE('',(#3452),#3458,.F.);
#3452 = FACE_BOUND('',#3453,.F.);
#3453 = EDGE_LOOP('',(#3454,#3455,#3456,#3457));
#3454 = ORIENTED_EDGE('',*,*,#2018,.F.);
#3455 = ORIENTED_EDGE('',*,*,#3423,.T.);
#3456 = ORIENTED_EDGE('',*,*,#3441,.F.);
#3457 = ORIENTED_EDGE('',*,*,#3397,.T.);
#3458 = PLANE('',#3459);
#3459 = AXIS2_PLACEMENT_3D('',#3460,#3461,#3462);
#3460 = CARTESIAN_POINT('',(22.,94.75,88.));
#3461 = DIRECTION('',(-0.,1.,0.));
#3462 = DIRECTION('',(0.,0.,1.));
#3463 = ( GEOMETRIC_REPRESENTATION_CONTEXT(3) 
GLOBAL_UNCERTAINTY_ASSIGNED_CONTEXT((#3467)) 
GLOBAL_UNIT_ASSIGNED_CONTEXT((#3464,#3465,#3466)) REPRESENTATION_CONTEXT
('Context #1','3D Context with UNIT and UNCERTAINTY') );
#3464 = ( LENGTH_UNIT() NAMED_UNIT(*) SI_UNIT(.MILLI.,.METRE.) );
#3465 = ( NAMED_UNIT(*) PLANE_ANGLE_UNIT() SI_UNIT($,.RADIAN.) );
#3466 = ( NAMED_UNIT(*) SI_UNIT($,.STERADIAN.) SOLID_ANGLE_UNIT() );
#3467 = UNCERTAINTY_MEASURE_WITH_UNIT(LENGTH_MEASURE(1.E-07),#3464,
  'distance_accuracy_value','confusion accuracy');
#3468 = PRODUCT_RELATED_PRODUCT_CATEGORY('part',$,(#7));
ENDSEC;
END-ISO-10303-21;
